Country_ISO3,Year,revisedRequirements,INFORM Severity Index,Plan_Count,CERF_Funding,CBPF_Budget,Total_Actual_Funding,Funding_Gap,Pct_Funded
SYR,2020,4617532832,4.9,4,54883071.0,68737943.05,123621014.05,4493911817.95,2.68
AFG,2020,1931050820,4.6,4,27999965.0,74274515.41,102274480.41,1828776339.59,5.3
YEM,2020,8452043406,4.6,5,64999937.0,99093834.22,164093771.22,8287949634.78,1.94
COD,2020,5738269640,4.5,4,69931007.0,0.0,69931007.0,5668338633.0,1.22
SDN,2020,9733612516,4.5,4,103374841.0,75791589.6,179166430.6,9554446085.4,1.84
LBY,2020,1859692010,4.2,4,0.0,0.0,0.0,1859692010.0,0.0
SSD,2020,2699937964,4.2,4,26599346.0,62382675.09,88982021.09,2610955942.91,3.3
ETH,2020,12465691432,4.1,6,34224654.0,57478521.56,91703175.56,12373988256.44,0.74
IRQ,2020,22374431715,4.1,5,0.0,27594112.58,27594112.58,22346837602.42,0.12
NGA,2020,9402233065,4.1,4,13001946.0,23358102.5,36360048.5,9365873016.5,0.39
TCD,2020,8787846960,4.1,4,16525334.0,0.0,16525334.0,8771321626.0,0.19
VEN,2020,1562509363,4.1,4,0.0,0.0,0.0,1562509363.0,0.0
BFA,2020,3673073583,4.0,4,22006581.0,0.0,22006581.0,3651067002.0,0.6
CAF,2020,1353622290,4.0,4,1000994.0,0.0,1000994.0,1352621296.0,0.07
SOM,2020,5559799581,4.0,5,22090543.0,36556082.52,58646625.52,5501152955.48,1.05
COL,2020,8103602442,3.9,6,5000000.0,0.0,5000000.0,8098602442.0,0.06
PSE,2020,1220381684,3.9,4,22293277.0,0.0,22293277.0,1198088407.0,1.83
MLI,2020,1274292180,3.8,4,6999805.0,36189901.76,43189706.76,1231102473.24,3.39
CMR,2020,4763680496,3.7,4,8716990.0,0.0,8716990.0,4754963506.0,0.18
NER,2020,6580374785,3.7,4,21971841.0,0.0,21971841.0,6558402944.0,0.33
PRK,2020,946692162,3.7,5,4999689.0,0.0,4999689.0,941692473.0,0.53
HTI,2020,1271993035,3.5,4,11999405.0,0.0,11999405.0,1259993630.0,0.94
LBN,2020,21387254706,3.5,6,18987914.0,16210106.03,35198020.03,21352056685.97,0.16
MMR,2020,3225900000,3.5,4,0.0,16544732.78,16544732.78,3209355267.22,0.51
UKR,2020,1004653234,3.5,4,0.0,10725140.42,10725140.42,993928093.58,1.07
ZWE,2020,1600770933,3.5,3,34893136.0,0.0,34893136.0,1565877797.0,2.18
IRN,2020,917284681,3.4,4,0.0,0.0,0.0,917284681.0,0.0
PAK,2020,1891577756,3.4,3,11974176.0,9681444.56,21655620.560000002,1869922135.44,1.14
BDI,2020,997893000,3.3,4,5000231.0,0.0,5000231.0,992892769.0,0.5
BGD,2020,2064027556,3.3,5,15091183.0,0.0,15091183.0,2048936373.0,0.73
MOZ,2020,2710677000,3.3,4,14002967.0,0.0,14002967.0,2696674033.0,0.52
TUR,2020,27183903040,3.3,4,0.0,0.0,0.0,27183903040.0,0.0
UGA,2020,5754822564,3.1,7,8950648.0,0.0,8950648.0,5745871916.0,0.16
DJI,2020,2662725936,3.0,6,1727350.0,0.0,1727350.0,2660998586.0,0.06
KEN,2020,8308597680,3.0,5,3006018.0,0.0,3006018.0,8305591662.0,0.04
PHL,2020,3687069376,3.0,3,3113674.0,0.0,3113674.0,3683955702.0,0.08
JOR,2020,6848821491,2.8,5,6000400.0,8334514.42,14334914.42,6834486576.58,0.21
ZMB,2020,1602537884,2.7,6,0.0,0.0,0.0,1602537884.0,0.0
PER,2020,1407580167,2.6,2,0.0,0.0,0.0,1407580167.0,0.0
LSO,2020,833745000,2.5,3,750002.0,0.0,750002.0,832994998.0,0.09
ECU,2020,2254005167,2.4,5,0.0,0.0,0.0,2254005167.0,0.0
EGY,2020,6795975760,2.4,4,0.0,0.0,0.0,6795975760.0,0.0
BRA,2020,1407580167,2.3,2,0.0,0.0,0.0,1407580167.0,0.0
COG,2020,599377061,2.2,3,6926981.0,0.0,6926981.0,592450080.0,1.16
RWA,2020,1654975419,2.0,5,1000000.0,0.0,1000000.0,1653975419.0,0.06
TTO,2020,1407580167,1.8,2,0.0,0.0,0.0,1407580167.0,0.0
MEX,2020,5630320668,1.7,2,0.0,0.0,0.0,5630320668.0,0.0
TZA,2020,1813849524,1.7,6,0.0,0.0,0.0,1813849524.0,0.0
CRI,2020,1407580167,1.1,2,0.0,0.0,0.0,1407580167.0,0.0
SYR,2021,4224416702,5.0,1,22000747.0,67657796.26,89658543.26,4134758158.74,2.12
ETH,2021,13520325156,4.8,4,64581748.0,98519150.26,163100898.26,13357224257.74,1.21
YEM,2021,7843300674,4.8,2,39994817.0,113004284.5,152999101.5,7690301572.5,1.95
AFG,2021,1474927646,4.7,2,92725862.0,165403048.41,258128910.41,1216798735.59,17.5
COD,2021,1984303303,4.6,1,35768011.0,0.0,35768011.0,1948535292.0,1.8
SSD,2021,1677772788,4.6,1,42351338.0,69151386.84,111502724.84,1566270063.16,6.65
SDN,2021,9699074400,4.5,1,6499194.0,56864162.64,63363356.64,9635711043.36,0.65
MLI,2021,563286869,4.4,1,0.0,27779288.3,27779288.3,535507580.7,4.93
SOM,2021,3480947436,4.4,2,35001302.0,46268713.13,81270015.13,3399677420.87,2.33
CAF,2021,444760000,4.3,1,8000183.0,0.0,8000183.0,436759817.0,1.8
CMR,2021,1446217260,4.3,1,4998919.0,0.0,4998919.0,1441218341.0,0.35
IRQ,2021,19319803131,4.3,2,0.0,25391271.47,25391271.47,19294411859.53,0.13
NGA,2021,5031793145,4.3,1,33500110.0,31434295.69,64934405.69,4966858739.31,1.29
TCD,2021,3087612035,4.3,1,7001065.0,0.0,7001065.0,3080610970.0,0.23
COL,2021,3226489430,4.2,2,2006312.0,0.0,2006312.0,3224483118.0,0.06
VEN,2021,708098081,4.2,1,7999993.0,11456037.35,19456030.35,688642050.65,2.75
BFA,2021,607875894,4.1,1,16009514.0,0.0,16009514.0,591866380.0,2.63
HTI,2021,845780334,4.1,2,12883212.0,0.0,12883212.0,832897122.0,1.52
MMR,2021,1542471060,4.0,2,10032677.0,20857614.5,30890291.5,1511580768.5,2.0
BDI,2021,729003123,3.9,2,1500010.0,0.0,1500010.0,727503113.0,0.21
LBY,2021,378244248,3.9,1,0.0,0.0,0.0,378244248.0,0.0
NER,2021,2092731520,3.9,1,8500000.0,12482617.94,20982617.939999998,2071748902.06,1.0
PSE,2021,512429398,3.9,2,4498475.0,0.0,4498475.0,507930923.0,0.88
HND,2021,156228227,3.8,2,0.0,0.0,0.0,156228227.0,0.0
ZWE,2021,506971461,3.8,1,0.0,0.0,0.0,506971461.0,0.0
PAK,2021,664086330,3.7,1,0.0,1537348.88,1537348.88,662548981.12,0.23
UKR,2021,167982922,3.7,1,0.0,14792256.459999999,14792256.459999999,153190665.54,8.81
GTM,2021,56291832,3.6,1,0.0,0.0,0.0,56291832.0,0.0
LBN,2021,12001428600,3.6,2,3998359.0,25267473.8,29265832.8,11972162767.2,0.24
MOZ,2021,254080356,3.5,1,10521578.0,0.0,10521578.0,243558778.0,4.14
COG,2021,534319123,3.4,1,0.0,0.0,0.0,534319123.0,0.0
TUR,2021,23330950296,3.4,1,0.0,0.0,0.0,23330950296.0,0.0
BGD,2021,943123350,3.3,1,13974469.0,0.0,13974469.0,929148881.0,1.48
KEN,2021,2809972344,3.3,2,5001019.0,0.0,5001019.0,2804971325.0,0.18
AGO,2021,534319123,3.2,1,4999561.0,0.0,4999561.0,529319562.0,0.94
SLV,2021,42156698,3.2,1,0.0,0.0,0.0,42156698.0,0.0
UGA,2021,1591895970,3.2,3,0.0,0.0,0.0,1591895970.0,0.0
PER,2021,1439234410,3.0,1,0.0,0.0,0.0,1439234410.0,0.0
ZMB,2021,534319123,2.9,1,0.0,0.0,0.0,534319123.0,0.0
DJI,2021,204581820,2.8,1,0.0,0.0,0.0,204581820.0,0.0
MDG,2021,166188813,2.8,1,8000000.0,0.0,8000000.0,158188813.0,4.81
JOR,2021,5832737574,2.7,1,0.0,2022680.58,2022680.58,5830714893.42,0.03
BRA,2021,1439234410,2.5,1,0.0,0.0,0.0,1439234410.0,0.0
EGY,2021,5832737574,2.5,1,0.0,0.0,0.0,5832737574.0,0.0
TZA,2021,724987802,2.5,2,0.0,0.0,0.0,724987802.0,0.0
ECU,2021,1439234410,2.4,1,0.0,0.0,0.0,1439234410.0,0.0
RWA,2021,724987802,2.2,2,0.0,0.0,0.0,724987802.0,0.0
TTO,2021,1439234410,1.8,1,0.0,0.0,0.0,1439234410.0,0.0
CRI,2021,1439234410,1.1,1,0.0,0.0,0.0,1439234410.0,0.0
MEX,2021,4317703230,,1,0.0,0.0,0.0,4317703230.0,0.0
SYR,2022,4444280227,4.6,1,24976355.0,46030213.83,71006568.83,4373273658.17,1.6
YEM,2022,8627035494,4.6,2,60031368.0,78568691.27,138600059.26999998,8488435434.73,1.61
AFG,2022,8884400000,4.5,1,10000000.0,282670724.47,292670724.47,8591729275.53,3.29
MMR,2022,3302792128,4.5,1,22003571.0,24695346.509999998,46698917.51,3256093210.49,1.41
SDN,2022,7746790960,4.4,1,45947457.0,65576233.53,111523690.53,7635267269.47,1.44
SOM,2022,4617972840,4.4,2,48003069.0,71029813.32,119032882.32,4498939957.68,2.58
SSD,2022,3399177174,4.4,1,54005723.0,49484152.5,103489875.5,3295687298.5,3.04
TCD,2022,2554549495,4.4,1,32999834.0,0.0,32999834.0,2521549661.0,1.29
ETH,2022,16999618668,4.3,3,26003208.0,63908474.3,89911682.3,16909706985.7,0.53
COD,2022,1881674597,4.2,1,50758267.0,0.0,50758267.0,1830916330.0,2.7
HTI,2022,1037531936,4.2,2,19996443.0,0.0,19996443.0,1017535493.0,1.93
MLI,2022,685734819,4.2,1,29000003.0,21390715.94,50390718.94,635344100.06,7.35
CAF,2022,461253975,4.1,1,15000495.0,0.0,15000495.0,446253480.0,3.25
NGA,2022,5636058205,4.1,1,30493668.0,23781450.86,54275118.86,5581783086.14,0.96
UKR,2022,4292463880,4.1,2,60503889.0,192664497.06,253168386.06,4039295493.94,5.9
CMR,2022,1504184204,4.0,1,7720604.0,0.0,7720604.0,1496463600.0,0.51
COL,2022,4138105642,4.0,2,5005369.0,0.0,5005369.0,4133100273.0,0.12
VEN,2022,794987748,4.0,1,7999999.0,9392778.19,17392777.189999998,777594970.81,2.19
IRQ,2022,19442711769,3.9,2,0.0,8386519.22,8386519.22,19434325249.78,0.04
KEN,2022,3488894139,3.9,2,10000001.0,0.0,10000001.0,3478894138.0,0.29
PAK,2022,3287172498,3.8,2,10071433.0,0.0,10071433.0,3277101065.0,0.31
BFA,2022,805099698,3.7,1,16122128.0,29449688.4,45571816.4,759527881.6,5.66
LBY,2022,227598546,3.7,1,0.0,0.0,0.0,227598546.0,0.0
NER,2022,2210393784,3.7,1,27512460.0,8999635.84,36512095.84,2173881688.16,1.65
IRN,2022,623415539,3.6,1,0.0,0.0,0.0,623415539.0,0.0
MOZ,2022,1309720971,3.6,2,13907874.0,0.0,13907874.0,1295813097.0,1.06
BDI,2022,182414025,3.5,1,4501007.0,0.0,4501007.0,177913018.0,2.47
GTM,2022,153531304,3.5,1,0.0,0.0,0.0,153531304.0,0.0
PSE,2022,509872202,3.5,1,0.0,0.0,0.0,509872202.0,0.0
BGD,2022,2643092340,3.4,1,14000013.0,0.0,14000013.0,2629092327.0,0.53
LBN,2022,12918150886,3.4,2,13002513.0,28340770.36,41343283.36,12876807602.64,0.32
LKA,2022,149692653,3.4,1,4999988.0,0.0,4999988.0,144692665.0,3.34
HND,2022,155296363,3.3,1,4994779.0,0.0,4994779.0,150301584.0,3.22
TUR,2022,24323598304,3.3,1,0.0,0.0,0.0,24323598304.0,0.0
UGA,2022,4410163569,3.3,2,15000000.0,0.0,15000000.0,4395163569.0,0.34
MWI,2022,58900000,3.2,1,3999997.0,0.0,3999997.0,54900003.0,6.79
PER,2022,1786198773,3.2,1,0.0,0.0,0.0,1786198773.0,0.0
SLV,2022,114317607,3.2,1,0.0,0.0,0.0,114317607.0,0.0
AGO,2022,596731397,3.1,1,6000000.0,0.0,6000000.0,590731397.0,1.01
PHL,2022,844534815,3.1,1,0.0,0.0,0.0,844534815.0,0.0
MDG,2022,657803337,3.0,1,11540115.0,0.0,11540115.0,646263222.0,1.75
ZMB,2022,596731397,2.9,1,0.0,0.0,0.0,596731397.0,0.0
BRA,2022,5358596319,2.8,1,0.0,0.0,0.0,5358596319.0,0.0
ECU,2022,1786198773,2.8,1,0.0,0.0,0.0,1786198773.0,0.0
MEX,2022,5358596319,2.8,1,0.0,0.0,0.0,5358596319.0,0.0
DJI,2022,124737990,2.7,1,2001741.0,0.0,2001741.0,122736249.0,1.6
JOR,2022,6080899576,2.7,1,0.0,400000.02,400000.02,6080499575.98,0.01
TZA,2022,1790194191,2.7,1,0.0,0.0,0.0,1790194191.0,0.0
CHL,2022,1786198773,2.5,1,0.0,0.0,0.0,1786198773.0,0.0
POL,2022,1789936991,2.5,1,0.0,0.0,0.0,1789936991.0,0.0
PAN,2022,1786198773,2.4,1,0.0,0.0,0.0,1786198773.0,0.0
RWA,2022,596731397,2.4,1,0.0,0.0,0.0,596731397.0,0.0
DOM,2022,1786198773,2.2,1,0.0,0.0,0.0,1786198773.0,0.0
COG,2022,596731397,2.1,1,0.0,0.0,0.0,596731397.0,0.0
CRI,2022,1786198773,2.1,1,0.0,0.0,0.0,1786198773.0,0.0
TTO,2022,1786198773,2.0,1,0.0,0.0,0.0,1786198773.0,0.0
MDA,2022,1789936991,1.9,1,0.0,0.0,0.0,1789936991.0,0.0
EGY,2022,6080899576,1.8,1,0.0,0.0,0.0,6080899576.0,0.0
SVK,2022,1789936991,1.8,1,0.0,0.0,0.0,1789936991.0,0.0
HUN,2022,1789936991,1.5,1,0.0,0.0,0.0,1789936991.0,0.0
ROU,2022,1789936991,1.4,1,0.0,0.0,0.0,1789936991.0,0.0
SDN,2023,5130460402,4.9,1,60082064.0,81211049.33,141293113.32999998,4989167288.67,2.75
SOM,2023,5319150990,4.7,2,28000009.0,56628902.28,84628911.28,5234522078.72,1.59
MMR,2023,4433694495,4.6,1,26401289.0,35639378.82,62040667.82,4371653827.18,1.4
YEM,2023,8688310632,4.6,1,38000927.0,85897174.57,123898101.57,8564412530.43,1.43
SYR,2023,11622852124,4.5,2,40000000.0,62485132.46,102485132.46000001,11520366991.54,0.88
AFG,2023,6454745816,4.4,1,53622105.0,134957920.4,188580025.4,6266165790.6,2.92
PSE,2023,3017482524,4.4,2,18700000.0,0.0,18700000.0,2998782524.0,0.62
COD,2023,2252684083,4.3,1,45762814.0,0.0,45762814.0,2206921269.0,2.03
MLI,2023,751470941,4.3,1,15000000.0,93021806.72,108021806.72,643449134.28,14.37
UKR,2023,3945656687,4.3,1,0.0,183672269.28,183672269.28,3761984417.72,4.66
VEN,2023,719581691,4.3,1,8245002.0,12163016.5,20408018.5,699173672.5,2.84
HTI,2023,1439715426,4.2,1,26279399.0,0.0,26279399.0,1413436027.0,1.83
NGA,2023,6559767580,4.2,1,9000000.0,23973602.54,32973602.54,6526793977.46,0.5
TCD,2023,3682499064,4.2,1,23003652.0,0.0,23003652.0,3659495412.0,0.62
BGD,2023,3503709460,4.1,1,18000000.0,0.0,18000000.0,3485709460.0,0.51
CAF,2023,533305798,4.1,1,10999997.0,0.0,10999997.0,522305801.0,2.06
CMR,2023,1629239476,4.1,1,6349999.0,0.0,6349999.0,1622889477.0,0.39
ETH,2023,20892369972,4.1,4,43500003.0,59982606.78,103482609.78,20788887362.22,0.5
SSD,2023,2055885216,4.1,1,34000009.0,55600285.76,89600294.75999999,1966284921.24,4.36
BFA,2023,876731475,4.0,1,18652717.0,20032043.22,38684760.22,838046714.78,4.41
COL,2023,3996720164,3.9,2,6525950.0,0.0,6525950.0,3990194214.0,0.16
PAK,2023,2871062721,3.9,2,6484314.0,0.0,6484314.0,2864578407.0,0.23
IRN,2023,613012986,3.8,1,1000020.0,0.0,1000020.0,612012966.0,0.16
IRQ,2023,17570817288,3.8,1,0.0,0.0,0.0,17570817288.0,0.0
LBY,2023,113195580,3.8,1,10000000.0,0.0,10000000.0,103195580.0,8.83
NER,2023,2335626476,3.7,1,0.0,10993493.0,10993493.0,2324632983.0,0.47
MOZ,2023,1952765565,3.6,2,16795213.0,0.0,16795213.0,1935970352.0,0.86
TUR,2023,34317420480,3.6,2,10200241.0,0.0,10200241.0,34307220239.0,0.03
HND,2023,280360869,3.5,1,6499852.0,0.0,6499852.0,273861017.0,2.32
KEN,2023,4206180024,3.5,2,8001346.0,0.0,8001346.0,4198178678.0,0.19
LBN,2023,12114285272,3.5,2,8000000.0,26686329.11,34686329.11,12079598942.89,0.29
BDI,2023,237180119,3.4,1,0.0,0.0,0.0,237180119.0,0.0
GTM,2023,126145348,3.4,1,0.0,0.0,0.0,126145348.0,0.0
MWI,2023,231891464,3.4,1,13800022.0,0.0,13800022.0,218091442.0,5.95
AGO,2023,549404765,3.2,1,0.0,0.0,0.0,549404765.0,0.0
UGA,2023,1499639549,3.2,2,6500001.0,0.0,6500001.0,1493139548.0,0.43
SLV,2023,98416155,3.1,1,0.0,0.0,0.0,98416155.0,0.0
MEX,2023,5145126567,3.0,1,0.0,0.0,0.0,5145126567.0,0.0
ZMB,2023,549404765,3.0,1,0.0,0.0,0.0,549404765.0,0.0
DJI,2023,181242831,2.9,1,2500000.0,0.0,2500000.0,178742831.0,1.38
JOR,2023,5856939096,2.9,1,0.0,0.0,0.0,5856939096.0,0.0
MDG,2023,645506451,2.9,1,12499950.0,0.0,12499950.0,633006501.0,1.94
PER,2023,1715042189,2.9,1,6867917.0,0.0,6867917.0,1708174272.0,0.4
TZA,2023,1648214295,2.7,1,0.0,0.0,0.0,1648214295.0,0.0
CHL,2023,1715042189,2.6,1,0.0,0.0,0.0,1715042189.0,0.0
ECU,2023,1715042189,2.6,1,0.0,0.0,0.0,1715042189.0,0.0
BRA,2023,6860168756,2.4,1,0.0,0.0,0.0,6860168756.0,0.0
COG,2023,549404765,2.3,1,0.0,0.0,0.0,549404765.0,0.0
EGY,2023,6074569020,2.3,2,5800103.0,0.0,5800103.0,6068768917.0,0.1
RWA,2023,549404765,2.2,1,1500000.0,0.0,1500000.0,547904765.0,0.27
CRI,2023,1715042189,2.1,1,0.0,0.0,0.0,1715042189.0,0.0
POL,2023,1685495256,2.1,1,0.0,0.0,0.0,1685495256.0,0.0
PAN,2023,1715042189,2.0,1,3545672.0,0.0,3545672.0,1711496517.0,0.21
CZE,2023,1685495256,1.8,1,0.0,0.0,0.0,1685495256.0,0.0
DOM,2023,1715042189,1.8,1,0.0,0.0,0.0,1715042189.0,0.0
TTO,2023,1715042189,1.8,1,0.0,0.0,0.0,1715042189.0,0.0
ROU,2023,1685495256,1.7,1,0.0,0.0,0.0,1685495256.0,0.0
MDA,2023,1685495256,1.6,1,0.0,0.0,0.0,1685495256.0,0.0
SVK,2023,1685495256,1.6,1,0.0,0.0,0.0,1685495256.0,0.0
BGR,2023,1685495256,1.5,1,0.0,0.0,0.0,1685495256.0,0.0
EST,2023,1685495256,1.3,1,0.0,0.0,0.0,1685495256.0,0.0
HUN,2023,1685495256,1.3,1,0.0,0.0,0.0,1685495256.0,0.0
LTU,2023,1685495256,1.3,1,0.0,0.0,0.0,1685495256.0,0.0
LVA,2023,1685495256,1.3,1,0.0,0.0,0.0,1685495256.0,0.0
SDN,2024,5391361488,4.9,1,66210498.980000004,180666178.76,246876677.74,5144484810.26,4.58
YEM,2024,5411524788,4.8,1,27000030.48,37084897.52,64084928.0,5347439860.0,1.18
SOM,2024,3318254304,4.7,2,9999443.75,33337080.75,43336524.5,3274917779.5,1.31
MMR,2024,4967740515,4.6,1,16999993.34,27894424.96,44894418.3,4922846096.7,0.9
SYR,2024,4209822792,4.6,2,40523187.75,35029130.76,75552318.50999999,4134270473.49,1.79
UKR,2024,3107702931,4.6,1,0.0,164338871.75,164338871.75,2943364059.25,5.29
SSD,2024,1788817122,4.5,1,19999862.12,38917034.64,58916896.760000005,1729900225.24,3.29
AFG,2024,3059587797,4.4,1,0.0,55213329.07,55213329.07,3004374467.93,1.8
COD,2024,2580627746,4.4,1,36688500.45,0.0,36688500.45,2543939245.55,1.42
PSE,2024,10268567802,4.4,1,0.0,0.0,0.0,10268567802.0,0.0
ETH,2024,18784888552,4.3,4,42999924.64,63903768.73,106903693.37,18677984858.63,0.57
BFA,2024,934604385,4.2,1,16000022.19,13999919.98,29999942.17,904604442.83,3.21
MLI,2024,701569941,4.2,1,23750680.45,53681092.33,77431772.78,624138168.22,11.04
NGA,2024,4632713430,4.2,1,16001256.059999999,18999922.94,35001179.0,4597712251.0,0.76
COL,2024,3838839332,4.1,2,0.0,0.0,0.0,3838839332.0,0.0
BGD,2024,4755300375,4.0,2,17612475.91,0.0,17612475.91,4737687899.09,0.37
CAF,2024,872222915,4.0,2,0.0,0.0,0.0,872222915.0,0.0
HTI,2024,673767352,4.0,1,22493765.97,0.0,22493765.97,651273586.03,3.34
PAK,2024,1240769268,4.0,1,0.0,0.0,0.0,1240769268.0,0.0
VEN,2024,617034811,4.0,1,0.0,12613729.78,12613729.78,604421081.22,2.04
LBY,2024,1614659337,3.9,2,5299805.05,0.0,5299805.05,1609359531.95,0.33
MOZ,2024,2009780896,3.8,2,19649972.25,0.0,19649972.25,1990130923.75,0.98
CMR,2024,1485478896,3.7,1,12489885.6,0.0,12489885.6,1472989010.4,0.84
IRN,2024,620384634,3.7,1,0.0,0.0,0.0,620384634.0,0.0
LBN,2024,10608090956,3.7,2,18999970.48,65617457.71,84617428.19,10523473527.81,0.8
NER,2024,2648771028,3.7,1,22576152.65,8777317.27,31353469.919999998,2617417558.08,1.18
TCD,2024,4498291292,3.7,1,33399292.93,0.0,33399292.93,4464891999.07,0.74
ZWE,2024,286191117,3.7,1,3000727.0,0.0,3000727.0,283190390.0,1.05
GTM,2024,125401425,3.5,1,0.0,0.0,0.0,125401425.0,0.0
KEN,2024,2867662245,3.5,2,3000141.0,0.0,3000141.0,2864662104.0,0.1
TUR,2024,24391502390,3.5,1,0.0,0.0,0.0,24391502390.0,0.0
ZMB,2024,774349550,3.5,2,8030846.0,0.0,8030846.0,766318704.0,1.04
HND,2024,203159869,3.4,1,6392670.0,0.0,6392670.0,196767199.0,3.15
MWI,2024,79032838,3.4,1,6597125.59,0.0,6597125.59,72435712.41,8.35
BDI,2024,694308383,3.3,2,8493708.379999999,0.0,8493708.379999999,685814674.62,1.22
UGA,2024,2054848842,3.3,3,0.0,0.0,0.0,2054848842.0,0.0
SLV,2024,86585525,3.1,1,0.0,0.0,0.0,86585525.0,0.0
IRQ,2024,14634901434,3.0,1,0.0,0.0,0.0,14634901434.0,0.0
PHL,2024,101368504,2.9,1,10581074.64,0.0,10581074.64,90787429.36,10.44
DJI,2024,221603565,2.8,1,0.0,0.0,0.0,221603565.0,0.0
JOR,2024,4878300478,2.8,1,0.0,0.0,0.0,4878300478.0,0.0
MEX,2024,4762286937,2.8,1,0.0,0.0,0.0,4762286937.0,0.0
PER,2024,1587428979,2.8,1,0.0,0.0,0.0,1587428979.0,0.0
AGO,2024,668277343,2.7,1,2997820.0,0.0,2997820.0,665279523.0,0.45
COG,2024,668277343,2.7,1,3596823.0,0.0,3596823.0,664680520.0,0.54
ECU,2024,1587428979,2.7,1,0.0,0.0,0.0,1587428979.0,0.0
VNM,2024,31716788,2.6,1,1999901.1300000001,0.0,1999901.1300000001,29716886.87,6.31
BRA,2024,6349715916,2.5,1,0.0,0.0,0.0,6349715916.0,0.0
CHL,2024,1587428979,2.5,1,0.0,0.0,0.0,1587428979.0,0.0
MDG,2024,90059893,2.5,1,4000000.0,0.0,4000000.0,86059893.0,4.44
NPL,2024,17530000,2.5,1,3407583.0,0.0,3407583.0,14122417.0,19.44
TZA,2024,2226435594,2.5,2,0.0,0.0,0.0,2226435594.0,0.0
RWA,2024,668277343,2.4,1,0.0,0.0,0.0,668277343.0,0.0
CRI,2024,1587428979,2.2,1,0.0,0.0,0.0,1587428979.0,0.0
EGY,2024,5382852417,2.2,2,6001230.9399999995,0.0,6001230.9399999995,5376851186.06,0.11
POL,2024,1080560000,2.2,1,0.0,0.0,0.0,1080560000.0,0.0
CZE,2024,1080560000,1.9,1,0.0,0.0,0.0,1080560000.0,0.0
ROU,2024,1080560000,1.9,1,0.0,0.0,0.0,1080560000.0,0.0
DOM,2024,1587428979,1.8,1,0.0,0.0,0.0,1587428979.0,0.0
PAN,2024,1587428979,1.8,1,0.0,0.0,0.0,1587428979.0,0.0
SVK,2024,1080560000,1.7,1,0.0,0.0,0.0,1080560000.0,0.0
MDA,2024,1080560000,1.6,1,0.0,0.0,0.0,1080560000.0,0.0
TTO,2024,1587428979,1.6,1,0.0,0.0,0.0,1587428979.0,0.0
BGR,2024,1080560000,1.5,1,0.0,0.0,0.0,1080560000.0,0.0
HUN,2024,1080560000,1.5,1,0.0,0.0,0.0,1080560000.0,0.0
LTU,2024,1080560000,1.3,1,0.0,0.0,0.0,1080560000.0,0.0
LVA,2024,1080560000,1.3,1,0.0,0.0,0.0,1080560000.0,0.0
EST,2024,1080560000,1.2,1,0.0,0.0,0.0,1080560000.0,0.0
SDN,2025,4162518656,4.7,1,46999963.67,126476452.62,173476416.29000002,3989042239.71,4.17
MMR,2025,7064808015,4.6,2,20999998.96,34849577.43,55849576.39,7008958438.61,0.79
YEM,2025,7436318766,4.6,1,0.0,22622083.55,22622083.55,7413696682.45,0.3
AFG,2025,4833623092,4.5,1,41649982.69,73147945.37,114797928.06,4718825163.94,2.37
COD,2025,2538016151,4.5,1,44241837.95,0.0,44241837.95,2493774313.05,1.74
SSD,2025,3389557306,4.5,1,10000528.82,30012394.18,40012923.0,3349544383.0,1.18
SYR,2025,3186585280,4.5,1,18000000.0,49529784.7,67529784.7,3119055495.3,2.12
HTI,2025,908159989,4.4,1,23000126.38,0.0,23000126.38,885159862.62,2.53
PSE,2025,12219176046,4.4,1,20000000.0,0.0,20000000.0,12199176046.0,0.16
NGA,2025,4551232355,4.3,1,11000138.05,16798024.85,27798162.900000002,4523434192.1,0.61
SOM,2025,2966552020,4.3,2,24850015.37,31451487.12,56301502.49,2910250517.51,1.9
ETH,2025,4159927416,4.2,3,3000000.4699999997,44200860.68,47200861.15,4112726554.85,1.13
MLI,2025,771314315,4.2,1,8000000.0,73940519.34,81940519.34,689373795.66,10.62
UKR,2025,2633534010,4.2,1,0.0,201206937.33,201206937.33,2432327072.67,7.64
PAK,2025,3538487220,4.1,2,5000000.09,1632784.6400000001,6632784.73,3531854435.27,0.19
BFA,2025,792565236,4.0,1,12899998.52,8997558.19,21897556.71,770667679.29,2.76
CAF,2025,326056578,4.0,1,6699961.18,0.0,6699961.18,319356616.82,2.05
CMR,2025,1437193312,4.0,1,0.0,0.0,0.0,1437193312.0,0.0
COL,2025,5214345747,4.0,2,3800384.69,0.0,3800384.69,5210545362.31,0.07
TCD,2025,5817032972,4.0,1,16995648.15,0.0,16995648.15,5800037323.85,0.29
IRN,2025,622010264,3.9,1,0.0,0.0,0.0,622010264.0,0.0
LBN,2025,10134687060,3.8,2,10000000.0,35093106.64,45093106.64,10089593953.36,0.44
VEN,2025,606497714,3.8,1,11099187.01,8965515.94,20064702.95,586433011.05,3.31
MOZ,2025,2730891932,3.6,3,22053834.68,0.0,22053834.68,2708838097.32,0.81
NER,2025,603027582,3.6,1,13599417.99,4998011.6,18597429.59,584430152.41,3.08
TUR,2025,14087959590,3.6,1,0.0,0.0,0.0,14087959590.0,0.0
ZWE,2025,143095554,3.6,1,0.0,0.0,0.0,143095554.0,0.0
ECU,2025,5583227624,3.5,1,0.0,0.0,0.0,5583227624.0,0.0
BDI,2025,2343975555,3.4,1,5249131.74,0.0,5249131.74,2338726423.26,0.22
BGD,2025,2910407547,3.4,2,0.0,0.0,0.0,2910407547.0,0.0
HND,2025,138491372,3.4,1,4990031.73,0.0,4990031.73,133501340.27,3.6
KEN,2025,2324645250,3.4,2,0.0,0.0,0.0,2324645250.0,0.0
GTM,2025,100563396,3.3,1,4000000.0,0.0,4000000.0,96563396.0,3.98
LBY,2025,1835282166,3.3,1,0.0,0.0,0.0,1835282166.0,0.0
AGO,2025,781325185,3.2,1,1799873.54,0.0,1799873.54,779525311.46,0.23
MWI,2025,57478430,3.2,1,0.0,0.0,0.0,57478430.0,0.0
UGA,2025,2106680602,3.2,3,2500015.71,0.0,2500015.71,2104180586.29,0.12
PHL,2025,67523004,3.1,1,5948201.04,0.0,5948201.04,61574802.96,8.81
ZMB,2025,872244219,3.1,2,4750423.52,0.0,4750423.52,867493795.48,0.54
JOR,2025,4695986530,3.0,1,0.0,0.0,0.0,4695986530.0,0.0
PER,2025,1395806906,3.0,1,0.0,0.0,0.0,1395806906.0,0.0
SLV,2025,66923449,2.9,1,0.0,0.0,0.0,66923449.0,0.0
MEX,2025,1395806906,2.8,1,0.0,0.0,0.0,1395806906.0,0.0
DJI,2025,183861165,2.7,1,0.0,0.0,0.0,183861165.0,0.0
CHL,2025,1395806906,2.6,1,0.0,0.0,0.0,1395806906.0,0.0
CRI,2025,2791613812,2.6,1,0.0,0.0,0.0,2791613812.0,0.0
BRA,2025,1395806906,2.5,1,0.0,0.0,0.0,1395806906.0,0.0
PAN,2025,1395806906,2.5,1,0.0,0.0,0.0,1395806906.0,0.0
TZA,2025,2527836720,2.5,2,0.0,0.0,0.0,2527836720.0,0.0
RWA,2025,781325185,2.4,1,0.0,0.0,0.0,781325185.0,0.0
EGY,2025,5307747252,2.2,2,0.0,0.0,0.0,5307747252.0,0.0
MDA,2025,690313063,2.1,1,0.0,0.0,0.0,690313063.0,0.0
DOM,2025,1395806906,2.0,1,0.0,0.0,0.0,1395806906.0,0.0
TTO,2025,1395806906,1.3,1,0.0,0.0,0.0,1395806906.0,0.0
