date,articles,frac
2021-01-01 00:00:00+00:00,2569,0.030431177446102818
2021-01-02 00:00:00+00:00,2357,0.032387050676047045
2021-01-03 00:00:00+00:00,1599,0.02217015140591204
2021-01-04 00:00:00+00:00,4030,0.030733094891290256
2021-01-05 00:00:00+00:00,4578,0.0298540555345428
2021-01-06 00:00:00+00:00,5084,0.031457670746346235
2021-01-07 00:00:00+00:00,4901,0.029797660448940878
2021-01-08 00:00:00+00:00,4262,0.028386082693947143
2021-01-09 00:00:00+00:00,2724,0.028133230054221532
2021-01-10 00:00:00+00:00,2405,0.03100345485484453
2021-01-11 00:00:00+00:00,4799,0.03514515042329437
2021-01-12 00:00:00+00:00,4247,0.02715924642203947
2021-01-13 00:00:00+00:00,5342,0.030660445041353145
2021-01-14 00:00:00+00:00,5054,0.029596228735396597
2021-01-15 00:00:00+00:00,4213,0.02640650854936569
2021-01-16 00:00:00+00:00,2638,0.028259844881518618
2021-01-17 00:00:00+00:00,3888,0.04753637363980927
2021-01-18 00:00:00+00:00,5731,0.044650300343583714
2021-01-19 00:00:00+00:00,6671,0.042296742941560626
2021-01-20 00:00:00+00:00,6827,0.04281324470086542
2021-01-21 00:00:00+00:00,5093,0.031525062827289944
2021-01-22 00:00:00+00:00,5751,0.035448359180453165
2021-01-23 00:00:00+00:00,3779,0.042008959836366266
2021-01-24 00:00:00+00:00,2507,0.03285843480084407
2021-01-25 00:00:00+00:00,5523,0.039505307430402564
2021-01-26 00:00:00+00:00,4987,0.03032458924684106
2021-01-27 00:00:00+00:00,6323,0.036694212957589546
2021-01-28 00:00:00+00:00,4772,0.027777777777777776
2021-01-29 00:00:00+00:00,5624,0.034412707736740336
2021-01-30 00:00:00+00:00,2847,0.030160176278655876
2021-01-31 00:00:00+00:00,3484,0.04367720987375732
2021-02-01 00:00:00+00:00,4888,0.03223211341905704
2021-02-02 00:00:00+00:00,6652,0.03870975250664851
2021-02-03 00:00:00+00:00,6704,0.03901031119800759
2021-02-04 00:00:00+00:00,5992,0.03721623552063601
2021-02-05 00:00:00+00:00,6226,0.04021859900260975
2021-02-06 00:00:00+00:00,3451,0.037374776628580714
2021-02-07 00:00:00+00:00,2867,0.03541517404946019
2021-02-08 00:00:00+00:00,5351,0.03724222409365191
2021-02-09 00:00:00+00:00,5346,0.03266069170286468
2021-02-10 00:00:00+00:00,5432,0.03204927753423526
2021-02-11 00:00:00+00:00,4919,0.029902917342962573
2021-02-12 00:00:00+00:00,4348,0.02842034394629679
2021-02-13 00:00:00+00:00,2831,0.028717501344072388
2021-02-14 00:00:00+00:00,2997,0.03646517739816032
2021-02-15 00:00:00+00:00,4575,0.03629022662552452
2021-02-16 00:00:00+00:00,4765,0.031212948952253686
2021-02-17 00:00:00+00:00,5576,0.03385487817465377
2021-02-18 00:00:00+00:00,5177,0.03026335018852483
2021-02-19 00:00:00+00:00,6890,0.0447571163165348
2021-02-20 00:00:00+00:00,5124,0.05636219640971489
2021-02-21 00:00:00+00:00,3051,0.03873154507255024
2021-02-22 00:00:00+00:00,4748,0.03321696667809345
2021-02-23 00:00:00+00:00,4465,0.027703151272235424
2021-02-24 00:00:00+00:00,5454,0.033238059833383106
2021-02-25 00:00:00+00:00,4282,0.02725288153715926
2021-02-26 00:00:00+00:00,4187,0.027444220130568155
2021-02-27 00:00:00+00:00,2661,0.02875979465009457
2021-02-28 00:00:00+00:00,2234,0.033585904143364
2021-03-01 00:00:00+00:00,4277,0.031279939736566884
2021-03-02 00:00:00+00:00,4655,0.030784593815305662
2021-03-03 00:00:00+00:00,4492,0.027267043419670876
2021-03-04 00:00:00+00:00,4876,0.030680366704629113
2021-03-05 00:00:00+00:00,4273,0.02738891880111786
2021-03-06 00:00:00+00:00,2060,0.022069142838777412
2021-03-07 00:00:00+00:00,2785,0.03552205300885181
2021-03-08 00:00:00+00:00,3950,0.027318058273913676
2021-03-09 00:00:00+00:00,4602,0.029668119342943347
2021-03-10 00:00:00+00:00,4935,0.03067255878130186
2021-03-11 00:00:00+00:00,4229,0.025477745379184038
2021-03-12 00:00:00+00:00,4077,0.026097643722674927
2021-03-13 00:00:00+00:00,2834,0.030731860719823895
2021-03-14 00:00:00+00:00,1823,0.02343247898403558
2021-03-15 00:00:00+00:00,4207,0.027754138051602772
2021-03-16 00:00:00+00:00,4770,0.03019598906107566
2021-03-17 00:00:00+00:00,4216,0.02731171371934234
2021-03-18 00:00:00+00:00,4601,0.029085277198305833
2021-03-19 00:00:00+00:00,4936,0.0325625886466339
2021-03-20 00:00:00+00:00,2748,0.03107437268892834
2021-03-21 00:00:00+00:00,3087,0.042173859584409196
2021-03-22 00:00:00+00:00,4130,0.02966911394951222
2021-03-23 00:00:00+00:00,4606,0.029056270502144838
2021-03-24 00:00:00+00:00,4215,0.02634556125733644
2021-03-25 00:00:00+00:00,5472,0.03413450441964481
2021-03-26 00:00:00+00:00,4081,0.026399032272671406
2021-03-27 00:00:00+00:00,2849,0.03216810062552221
2021-03-28 00:00:00+00:00,2247,0.03162027525259632
2021-03-29 00:00:00+00:00,3441,0.026190403702125067
2021-03-30 00:00:00+00:00,4072,0.027898627678014758
2021-03-31 00:00:00+00:00,4285,0.027103785041999798
2021-04-01 00:00:00+00:00,4509,0.02860913538104272
2021-04-02 00:00:00+00:00,4535,0.03914105452128807
2021-04-03 00:00:00+00:00,2004,0.02544664965144185
2021-04-04 00:00:00+00:00,1526,0.02211786532162217
2021-04-05 00:00:00+00:00,3493,0.02989353690264275
2021-04-06 00:00:00+00:00,4678,0.032877675088730365
2021-04-07 00:00:00+00:00,4536,0.02956108051744925
2021-04-08 00:00:00+00:00,3493,0.025716157816077567
2021-04-09 00:00:00+00:00,4503,0.031313889931989816
2021-04-10 00:00:00+00:00,2664,0.031491967420472146
2021-04-11 00:00:00+00:00,2104,0.028752596479720127
2021-04-12 00:00:00+00:00,3893,0.02810749148039046
2021-04-13 00:00:00+00:00,5515,0.03574854801908318
2021-04-14 00:00:00+00:00,4840,0.031082825454522102
2021-04-15 00:00:00+00:00,6522,0.041759508259700345
2021-04-16 00:00:00+00:00,5811,0.03909682367742934
2021-04-17 00:00:00+00:00,4132,0.049435890073340275
2021-04-18 00:00:00+00:00,3307,0.045534030043923056
2021-04-19 00:00:00+00:00,4410,0.03359641638225256
2021-04-20 00:00:00+00:00,5574,0.037639273414815315
2021-04-21 00:00:00+00:00,4987,0.03263615303064016
2021-04-22 00:00:00+00:00,6699,0.045357292781020214
2021-04-23 00:00:00+00:00,5629,0.04000909782291941
2021-04-24 00:00:00+00:00,3933,0.04619884414791148
2021-04-25 00:00:00+00:00,3099,0.042566927187066464
2021-04-26 00:00:00+00:00,4450,0.03179048285814301
2021-04-27 00:00:00+00:00,4022,0.026555917968492083
2021-04-28 00:00:00+00:00,4325,0.027356622832817826
2021-04-29 00:00:00+00:00,5246,0.034012591012532664
2021-04-30 00:00:00+00:00,4463,0.031150756259117337
2021-05-01 00:00:00+00:00,3357,0.039918189709502123
2021-05-02 00:00:00+00:00,2842,0.03891125167720912
2021-05-03 00:00:00+00:00,3853,0.031185754755159854
2021-05-04 00:00:00+00:00,3559,0.024769116203971132
2021-05-05 00:00:00+00:00,3524,0.02281142383677274
2021-05-06 00:00:00+00:00,4110,0.02606958231581618
2021-05-07 00:00:00+00:00,3405,0.02299665687367035
2021-05-08 00:00:00+00:00,2523,0.030359914804519692
2021-05-09 00:00:00+00:00,3498,0.04832693211019314
2021-05-10 00:00:00+00:00,3620,0.027107373654927627
2021-05-11 00:00:00+00:00,4736,0.030586411779901835
2021-05-12 00:00:00+00:00,4395,0.02751311489777266
2021-05-13 00:00:00+00:00,4259,0.027627319845095
2021-05-14 00:00:00+00:00,4082,0.02840541386868933
2021-05-15 00:00:00+00:00,2501,0.030488845544313057
2021-05-16 00:00:00+00:00,2038,0.028743494633513392
2021-05-17 00:00:00+00:00,3947,0.02962212465758565
2021-05-18 00:00:00+00:00,3541,0.023144849764368303
2021-05-19 00:00:00+00:00,4122,0.026385021603456554
2021-05-20 00:00:00+00:00,4773,0.0307219958676888
2021-05-21 00:00:00+00:00,3902,0.02714642511774814
2021-05-22 00:00:00+00:00,2518,0.030383840334005045
2021-05-23 00:00:00+00:00,2002,0.0281041622797782
2021-05-24 00:00:00+00:00,4343,0.03396763571802874
2021-05-25 00:00:00+00:00,5549,0.036928093701128005
2021-05-26 00:00:00+00:00,4583,0.029720948631980337
2021-05-27 00:00:00+00:00,4408,0.028757641194929573
2021-05-28 00:00:00+00:00,4847,0.03343519559623914
2021-05-29 00:00:00+00:00,2311,0.028471811551350285
2021-05-30 00:00:00+00:00,2125,0.030414060599121214
2021-05-31 00:00:00+00:00,3258,0.03361431239231142
2021-06-01 00:00:00+00:00,4584,0.03264608481999786
2021-06-02 00:00:00+00:00,5579,0.03675157934955172
2021-06-03 00:00:00+00:00,4715,0.030726821289157963
2021-06-04 00:00:00+00:00,5785,0.04034817299845861
2021-06-05 00:00:00+00:00,2866,0.03426672086850475
2021-06-06 00:00:00+00:00,2056,0.029042419448250534
2021-06-07 00:00:00+00:00,3799,0.028535160064296124
2021-06-08 00:00:00+00:00,3747,0.02479010777444773
2021-06-09 00:00:00+00:00,5512,0.035791510554989185
2021-06-10 00:00:00+00:00,7605,0.048401262696978184
2021-06-11 00:00:00+00:00,6646,0.04630874821447235
2021-06-12 00:00:00+00:00,5295,0.06333050269707807
2021-06-13 00:00:00+00:00,5444,0.07764830055198185
2021-06-14 00:00:00+00:00,7350,0.05605851441123306
2021-06-15 00:00:00+00:00,7407,0.04828804631271513
2021-06-16 00:00:00+00:00,9098,0.05924604234092848
2021-06-17 00:00:00+00:00,6919,0.04531551887873727
2021-06-18 00:00:00+00:00,5020,0.0357460746964788
2021-06-19 00:00:00+00:00,3589,0.04509303815758063
2021-06-20 00:00:00+00:00,3796,0.05498022971191866
2021-06-21 00:00:00+00:00,4887,0.03744884979080139
2021-06-22 00:00:00+00:00,4944,0.0334284439275717
2021-06-23 00:00:00+00:00,5630,0.03594205859257793
2021-06-24 00:00:00+00:00,5581,0.03616698636528591
2021-06-25 00:00:00+00:00,5508,0.038138233787096146
2021-06-26 00:00:00+00:00,3073,0.03643067147192716
2021-06-27 00:00:00+00:00,3013,0.0407691058670708
2021-06-28 00:00:00+00:00,4600,0.03394658578523619
2021-06-29 00:00:00+00:00,5403,0.035973713821549604
2021-06-30 00:00:00+00:00,4829,0.030264856666541322
2021-07-01 00:00:00+00:00,4917,0.0315619202896225
2021-07-02 00:00:00+00:00,4670,0.03330741963782639
2021-07-03 00:00:00+00:00,2877,0.0370790426724749
2021-07-04 00:00:00+00:00,2612,0.03840442268389867
2021-07-05 00:00:00+00:00,5045,0.048400713778613505
2021-07-06 00:00:00+00:00,6267,0.04565288654161355
2021-07-07 00:00:00+00:00,5741,0.03726808875271023
2021-07-08 00:00:00+00:00,4430,0.0294851742154481
2021-07-09 00:00:00+00:00,4880,0.034904013961605584
2021-07-10 00:00:00+00:00,2630,0.032689487160364926
2021-07-11 00:00:00+00:00,2014,0.029939496647787243
2021-07-12 00:00:00+00:00,4005,0.031034723244659005
2021-07-13 00:00:00+00:00,3769,0.025472240056770182
2021-07-14 00:00:00+00:00,4156,0.027080564026376833
2021-07-15 00:00:00+00:00,4436,0.029120604994354437
2021-07-16 00:00:00+00:00,4482,0.031328417153042326
2021-07-17 00:00:00+00:00,3153,0.03756881061887853
2021-07-18 00:00:00+00:00,2560,0.03716446728510663
2021-07-19 00:00:00+00:00,4652,0.03533423972899276
2021-07-20 00:00:00+00:00,3749,0.02545215077123615
2021-07-21 00:00:00+00:00,3650,0.024821995688453353
2021-07-22 00:00:00+00:00,4185,0.02903850290385029
2021-07-23 00:00:00+00:00,3684,0.026769753956604515
2021-07-24 00:00:00+00:00,2336,0.030288099992220523
2021-07-25 00:00:00+00:00,2063,0.03016919904651877
2021-07-26 00:00:00+00:00,3611,0.028666010415343578
2021-07-27 00:00:00+00:00,4857,0.03358619211274228
2021-07-28 00:00:00+00:00,5285,0.034981235231432144
2021-07-29 00:00:00+00:00,4737,0.03285886710783702
2021-07-30 00:00:00+00:00,4132,0.033433937226407306
2021-07-31 00:00:00+00:00,2657,0.041017011948501034
2021-08-01 00:00:00+00:00,2161,0.03517653378477366
2021-08-02 00:00:00+00:00,3125,0.027891824348446982
2021-08-03 00:00:00+00:00,3713,0.028740392132578896
2021-08-04 00:00:00+00:00,3665,0.02504886750413494
2021-08-05 00:00:00+00:00,3428,0.02655655663410364
2021-08-06 00:00:00+00:00,3552,0.030305098628079993
2021-08-07 00:00:00+00:00,2551,0.04791240163026125
2021-08-08 00:00:00+00:00,2197,0.04444579312577128
2021-08-09 00:00:00+00:00,2709,0.02719169694658021
2021-08-10 00:00:00+00:00,3232,0.03007826677710255
2021-08-11 00:00:00+00:00,4076,0.0361456467374918
2021-08-12 00:00:00+00:00,3649,0.0320864549259611
2021-08-13 00:00:00+00:00,3005,0.02927565882410249
2021-08-14 00:00:00+00:00,1816,0.03931672043127152
2021-08-15 00:00:00+00:00,1558,0.04386755265232571
2021-08-16 00:00:00+00:00,3018,0.03889024908830844
2021-08-17 00:00:00+00:00,3099,0.03549177699390719
2021-08-18 00:00:00+00:00,2646,0.030747420284465928
2021-08-19 00:00:00+00:00,3748,0.029106384300569235
2021-08-20 00:00:00+00:00,3335,0.02555320583547873
2021-08-21 00:00:00+00:00,2321,0.030066324680035235
2021-08-22 00:00:00+00:00,2672,0.03979032642363593
2021-08-23 00:00:00+00:00,3921,0.0318891970363623
2021-08-24 00:00:00+00:00,5120,0.036949101169814313
2021-08-25 00:00:00+00:00,4480,0.03030815546460102
2021-08-26 00:00:00+00:00,4631,0.03252266614229632
2021-08-27 00:00:00+00:00,3307,0.024231366687183096
2021-08-28 00:00:00+00:00,2348,0.029364682341170584
2021-08-29 00:00:00+00:00,2026,0.02942628903413217
2021-08-30 00:00:00+00:00,3632,0.029772200044264834
2021-08-31 00:00:00+00:00,4736,0.032913345332990486
2021-09-01 00:00:00+00:00,4186,0.02808641975308642
2021-09-02 00:00:00+00:00,3842,0.0263401457552053
2021-09-03 00:00:00+00:00,3165,0.02332728961216999
2021-09-04 00:00:00+00:00,1751,0.0231258914892493
2021-09-05 00:00:00+00:00,1703,0.025327562872737547
2021-09-06 00:00:00+00:00,3520,0.036803529793084704
2021-09-07 00:00:00+00:00,3544,0.026496601945376928
2021-09-08 00:00:00+00:00,4231,0.02888034893959768
2021-09-09 00:00:00+00:00,4218,0.02818143552945421
2021-09-10 00:00:00+00:00,4035,0.029474283961168454
2021-09-11 00:00:00+00:00,2835,0.0345054222806441
2021-09-12 00:00:00+00:00,2065,0.031029767539707584
2021-09-13 00:00:00+00:00,3708,0.02797920423762705
2021-09-14 00:00:00+00:00,4437,0.029505841983814014
2021-09-15 00:00:00+00:00,4361,0.02861060449004763
2021-09-16 00:00:00+00:00,5063,0.034791512052994696
2021-09-17 00:00:00+00:00,4620,0.03315464272643114
2021-09-18 00:00:00+00:00,2773,0.033684389538768025
2021-09-19 00:00:00+00:00,2126,0.03175266970353222
2021-09-20 00:00:00+00:00,4691,0.03601259020420697
2021-09-21 00:00:00+00:00,4326,0.029921771789427086
2021-09-22 00:00:00+00:00,4399,0.029204979253112034
2021-09-23 00:00:00+00:00,4291,0.029056657434807044
2021-09-24 00:00:00+00:00,3641,0.02672587807832055
2021-09-25 00:00:00+00:00,2498,0.029200663970261612
2021-09-26 00:00:00+00:00,3368,0.038895048041389504
2021-09-27 00:00:00+00:00,4436,0.030529097616032595
2021-09-28 00:00:00+00:00,4264,0.026739912957318986
2021-09-29 00:00:00+00:00,4051,0.025426016005021184
2021-09-30 00:00:00+00:00,4332,0.02820239056274576
2021-10-01 00:00:00+00:00,3903,0.026456174124058648
2021-10-02 00:00:00+00:00,2116,0.024390525041784336
2021-10-03 00:00:00+00:00,2149,0.03011195650650861
2021-10-04 00:00:00+00:00,5123,0.03812323262390237
2021-10-05 00:00:00+00:00,4998,0.03315137003110843
2021-10-06 00:00:00+00:00,5356,0.03522247504307453
2021-10-07 00:00:00+00:00,4375,0.028882463228498245
2021-10-08 00:00:00+00:00,5167,0.03623549212805498
2021-10-09 00:00:00+00:00,2950,0.036972051635543304
2021-10-10 00:00:00+00:00,2326,0.032790120672155185
2021-10-11 00:00:00+00:00,4338,0.034587233499704995
2021-10-12 00:00:00+00:00,4242,0.028980952641215533
2021-10-13 00:00:00+00:00,5229,0.034399505289195303
2021-10-14 00:00:00+00:00,3952,0.026394176183797503
2021-10-15 00:00:00+00:00,4083,0.03065200255245674
2021-10-16 00:00:00+00:00,2785,0.035418150371350085
2021-10-17 00:00:00+00:00,2981,0.04385500338364669
2021-10-18 00:00:00+00:00,3334,0.02601719913223979
2021-10-19 00:00:00+00:00,4503,0.031099784518481683
2021-10-20 00:00:00+00:00,5554,0.036708040871898585
2021-10-21 00:00:00+00:00,4905,0.03256345059716256
2021-10-22 00:00:00+00:00,5322,0.037306004570371094
2021-10-23 00:00:00+00:00,2964,0.037149840195525474
2021-10-24 00:00:00+00:00,2141,0.030704144557579235
2021-10-25 00:00:00+00:00,3559,0.028189429162079317
2021-10-26 00:00:00+00:00,4363,0.029936873885000687
2021-10-27 00:00:00+00:00,3781,0.025598494285869036
2021-10-28 00:00:00+00:00,5233,0.03534067655818414
2021-10-29 00:00:00+00:00,3814,0.02690045280783174
2021-10-30 00:00:00+00:00,3310,0.04016600330065042
2021-10-31 00:00:00+00:00,3321,0.04216714492496
2021-11-01 00:00:00+00:00,5591,0.04278520921974961
2021-11-02 00:00:00+00:00,4946,0.03389830508474576
2021-11-03 00:00:00+00:00,4579,0.030026820199741636
2021-11-04 00:00:00+00:00,4864,0.03321837117978487
2021-11-05 00:00:00+00:00,3607,0.026373128217126812
2021-11-06 00:00:00+00:00,2419,0.030388683701414537
2021-11-07 00:00:00+00:00,2109,0.03162156083664443
2021-11-08 00:00:00+00:00,4536,0.036022013452665515
2021-11-09 00:00:00+00:00,5327,0.0359521897292956
2021-11-10 00:00:00+00:00,4858,0.03239638558234137
2021-11-11 00:00:00+00:00,5012,0.03383240404476786
2021-11-12 00:00:00+00:00,4944,0.03459665229804624
2021-11-13 00:00:00+00:00,2627,0.03196408147373032
2021-11-14 00:00:00+00:00,2685,0.03908183167884487
2021-11-15 00:00:00+00:00,3643,0.028748648584663705
2021-11-16 00:00:00+00:00,4990,0.03435385155556168
2021-11-17 00:00:00+00:00,4329,0.02905057175068449
2021-11-18 00:00:00+00:00,5395,0.03659190026926755
2021-11-19 00:00:00+00:00,4295,0.030741371659246747
2021-11-20 00:00:00+00:00,2076,0.025873027742466165
2021-11-21 00:00:00+00:00,2261,0.034200574799576465
2021-11-22 00:00:00+00:00,2934,0.02302151499458594
2021-11-23 00:00:00+00:00,3468,0.024559515041640702
2021-11-24 00:00:00+00:00,4429,0.03152492668621701
2021-11-25 00:00:00+00:00,3942,0.036450049931575246
2021-11-26 00:00:00+00:00,3843,0.03717785001160901
2021-11-27 00:00:00+00:00,2466,0.03428094807812609
2021-11-28 00:00:00+00:00,2133,0.03225172372081771
2021-11-29 00:00:00+00:00,3276,0.02647850440096021
2021-11-30 00:00:00+00:00,4499,0.03110717767529334
2021-12-01 00:00:00+00:00,4079,0.029114294483344398
2021-12-02 00:00:00+00:00,4998,0.0332450877356357
2021-12-03 00:00:00+00:00,4402,0.03158544285632283
2021-12-04 00:00:00+00:00,3394,0.04191520630333568
2021-12-05 00:00:00+00:00,2565,0.0379129406547927
2021-12-06 00:00:00+00:00,5115,0.04050458497648121
2021-12-07 00:00:00+00:00,6289,0.044635759709289125
2021-12-08 00:00:00+00:00,6053,0.04127795962902346
2021-12-09 00:00:00+00:00,5353,0.03706807007824943
2021-12-10 00:00:00+00:00,4916,0.03542960923649048
2021-12-11 00:00:00+00:00,2709,0.03253389698199767
2021-12-12 00:00:00+00:00,2471,0.03523255482362335
2021-12-13 00:00:00+00:00,4153,0.034184727584021336
2021-12-14 00:00:00+00:00,4594,0.0322031165663094
2021-12-15 00:00:00+00:00,4389,0.02908548707753479
2021-12-16 00:00:00+00:00,4298,0.029603405287011143
2021-12-17 00:00:00+00:00,4113,0.029407348619720726
2021-12-18 00:00:00+00:00,2932,0.03610970848676675
2021-12-19 00:00:00+00:00,2302,0.03341559007112788
2021-12-20 00:00:00+00:00,3444,0.0284924797723249
2021-12-21 00:00:00+00:00,3926,0.028737903875151887
2021-12-22 00:00:00+00:00,4112,0.03080565169835633
2021-12-23 00:00:00+00:00,3809,0.03000157529930687
2021-12-24 00:00:00+00:00,3323,0.035054591486892765
2021-12-25 00:00:00+00:00,2015,0.03747303429294056
2021-12-26 00:00:00+00:00,1679,0.028765762061403508
2021-12-27 00:00:00+00:00,2954,0.033484850202337366
2021-12-28 00:00:00+00:00,3575,0.03441570318742359
2021-12-29 00:00:00+00:00,3819,0.033622989355801484
2021-12-30 00:00:00+00:00,4045,0.035541692294174504
2021-12-31 00:00:00+00:00,3986,0.04028989316001739
2022-01-01 00:00:00+00:00,2285,0.03369808872109486
2022-01-02 00:00:00+00:00,1847,0.0288445020536286
2022-01-03 00:00:00+00:00,2821,0.027849625841609573
2022-01-04 00:00:00+00:00,3734,0.028149689403534166
2022-01-05 00:00:00+00:00,3296,0.023476452320578933
2022-01-06 00:00:00+00:00,4280,0.030482593584411143
2022-01-07 00:00:00+00:00,4196,0.031027929573402942
2022-01-08 00:00:00+00:00,3451,0.04193909048926914
2022-01-09 00:00:00+00:00,3474,0.0508846965080853
2022-01-10 00:00:00+00:00,4177,0.03353188619870272
2022-01-11 00:00:00+00:00,4577,0.03204710791830333
2022-01-12 00:00:00+00:00,4195,0.028391402041203065
2022-01-13 00:00:00+00:00,4931,0.03361991968309595
2022-01-14 00:00:00+00:00,5135,0.03656938569129314
2022-01-15 00:00:00+00:00,3188,0.03853126737412072
2022-01-16 00:00:00+00:00,2732,0.03906205318844724
2022-01-17 00:00:00+00:00,3699,0.03427253101576036
2022-01-18 00:00:00+00:00,4381,0.03168965691841414
2022-01-19 00:00:00+00:00,5767,0.037701927917208736
2022-01-20 00:00:00+00:00,7991,0.0524037799447829
2022-01-21 00:00:00+00:00,7137,0.049812600766347706
2022-01-22 00:00:00+00:00,4137,0.04962454717750642
2022-01-23 00:00:00+00:00,4372,0.0643546867640132
2022-01-24 00:00:00+00:00,7743,0.06169819439353615
2022-01-25 00:00:00+00:00,8652,0.059116531720815824
2022-01-26 00:00:00+00:00,7708,0.053257790368271954
2022-01-27 00:00:00+00:00,7465,0.050223364460830484
2022-01-28 00:00:00+00:00,7792,0.057316875818339635
2022-01-29 00:00:00+00:00,5033,0.059490319377792485
2022-01-30 00:00:00+00:00,5484,0.07903497773358122
2022-01-31 00:00:00+00:00,6091,0.04998071668294124
2022-02-01 00:00:00+00:00,6131,0.04218239361519144
2022-02-02 00:00:00+00:00,7281,0.0494401401516952
2022-02-03 00:00:00+00:00,6736,0.045978894486082104
2022-02-04 00:00:00+00:00,7156,0.051580722822091196
2022-02-05 00:00:00+00:00,5017,0.05963673537313078
2022-02-06 00:00:00+00:00,5411,0.07855462965651404
2022-02-07 00:00:00+00:00,6616,0.05352664196372227
2022-02-08 00:00:00+00:00,7223,0.04970102319564574
2022-02-09 00:00:00+00:00,6480,0.04396141164977409
2022-02-10 00:00:00+00:00,7064,0.045894567237100274
2022-02-11 00:00:00+00:00,7826,0.05705079605761941
2022-02-12 00:00:00+00:00,7748,0.09560828736781056
2022-02-13 00:00:00+00:00,6344,0.09596127666011194
2022-02-14 00:00:00+00:00,10334,0.08336022199277233
2022-02-15 00:00:00+00:00,10992,0.07961179112044615
2022-02-16 00:00:00+00:00,10934,0.07719516241766156
2022-02-17 00:00:00+00:00,11692,0.08354292900423002
2022-02-18 00:00:00+00:00,10062,0.07561774785065833
2022-02-19 00:00:00+00:00,8238,0.10449805921302992
2022-02-20 00:00:00+00:00,6475,0.09915317826133561
2022-02-21 00:00:00+00:00,9854,0.09742256320009492
2022-02-22 00:00:00+00:00,17264,0.12979280064956544
2022-02-23 00:00:00+00:00,15467,0.108370760143775
2022-02-24 00:00:00+00:00,33635,0.22838537953324778
2022-02-25 00:00:00+00:00,34033,0.2482457292076969
2022-02-26 00:00:00+00:00,23476,0.2798092967818832
2022-02-27 00:00:00+00:00,21455,0.3116013593981468
2022-02-28 00:00:00+00:00,31024,0.25534366537996195
2022-03-01 00:00:00+00:00,32348,0.2281192922575686
2022-03-02 00:00:00+00:00,32438,0.2226615322309398
2022-03-03 00:00:00+00:00,29662,0.20819967852655666
2022-03-04 00:00:00+00:00,27637,0.2064157143924117
2022-03-05 00:00:00+00:00,20267,0.24656617638113312
2022-03-06 00:00:00+00:00,17789,0.2649775076712247
2022-03-07 00:00:00+00:00,25031,0.20799886988748734
2022-03-08 00:00:00+00:00,27982,0.1953368237347295
2022-03-09 00:00:00+00:00,26942,0.18558291716893405
2022-03-10 00:00:00+00:00,27144,0.18906720160481444
2022-03-11 00:00:00+00:00,24854,0.18229693849110298
2022-03-12 00:00:00+00:00,14718,0.17677368212445502
2022-03-13 00:00:00+00:00,15499,0.22336715282181357
2022-03-14 00:00:00+00:00,21379,0.17527362164377946
2022-03-15 00:00:00+00:00,23698,0.16749123600588037
2022-03-16 00:00:00+00:00,22569,0.16014333356985738
2022-03-17 00:00:00+00:00,20336,0.14583422973767624
2022-03-18 00:00:00+00:00,18736,0.14536426410117154
2022-03-19 00:00:00+00:00,14380,0.1815954639019031
2022-03-20 00:00:00+00:00,11331,0.16916990146312333
2022-03-21 00:00:00+00:00,17120,0.1413147555056625
2022-03-22 00:00:00+00:00,16380,0.12014258680631959
2022-03-23 00:00:00+00:00,17957,0.1238336930811191
2022-03-24 00:00:00+00:00,20172,0.14163741047605674
2022-03-25 00:00:00+00:00,18274,0.13890662531545503
2022-03-26 00:00:00+00:00,11848,0.14731188143432636
2022-03-27 00:00:00+00:00,10221,0.15257728880861038
2022-03-28 00:00:00+00:00,15420,0.11862177194156609
2022-03-29 00:00:00+00:00,16630,0.11488059464351094
2022-03-30 00:00:00+00:00,15881,0.11178371073210905
2022-03-31 00:00:00+00:00,16799,0.11616280356253803
2022-04-01 00:00:00+00:00,14868,0.11004285365366255
2022-04-02 00:00:00+00:00,9448,0.11947697210349276
2022-04-03 00:00:00+00:00,10080,0.14893396965174865
2022-04-04 00:00:00+00:00,14398,0.11276629072681704
2022-04-05 00:00:00+00:00,15262,0.11316166057433509
2022-04-06 00:00:00+00:00,16164,0.11451809448238728
2022-04-07 00:00:00+00:00,15527,0.10929734904478326
2022-04-08 00:00:00+00:00,14060,0.10585436366921641
2022-04-09 00:00:00+00:00,9194,0.11508467999349097
2022-04-10 00:00:00+00:00,9371,0.13815217231059546
2022-04-11 00:00:00+00:00,11733,0.09594249828279855
2022-04-12 00:00:00+00:00,13758,0.09845215860543999
2022-04-13 00:00:00+00:00,13581,0.10073505959842455
2022-04-14 00:00:00+00:00,13390,0.09896453093473072
2022-04-15 00:00:00+00:00,10973,0.09859205549116329
2022-04-16 00:00:00+00:00,7403,0.10356308492928389
2022-04-17 00:00:00+00:00,6895,0.11163099439821261
2022-04-18 00:00:00+00:00,9754,0.0936668747299179
2022-04-19 00:00:00+00:00,12398,0.09446743014759107
2022-04-20 00:00:00+00:00,12932,0.09289495801337538
2022-04-21 00:00:00+00:00,13781,0.09487322469829337
2022-04-22 00:00:00+00:00,12075,0.08990863941981936
2022-04-23 00:00:00+00:00,9167,0.11614235578811337
2022-04-24 00:00:00+00:00,7811,0.1126851998788176
2022-04-25 00:00:00+00:00,11239,0.09171773884232774
2022-04-26 00:00:00+00:00,12437,0.08614670637944172
2022-04-27 00:00:00+00:00,14260,0.09690594143510496
2022-04-28 00:00:00+00:00,14104,0.09682490646346067
2022-04-29 00:00:00+00:00,12406,0.0884626354820308
2022-04-30 00:00:00+00:00,8108,0.09952129618264392
2022-05-01 00:00:00+00:00,8107,0.11706014006208938
2022-05-02 00:00:00+00:00,10506,0.09381110982132493
2022-05-03 00:00:00+00:00,10959,0.07835692835692835
2022-05-04 00:00:00+00:00,10714,0.07624428915045331
2022-05-05 00:00:00+00:00,11836,0.08398197750736155
2022-05-06 00:00:00+00:00,10716,0.07900440879399578
2022-05-07 00:00:00+00:00,7335,0.0936135998162187
2022-05-08 00:00:00+00:00,8502,0.12198691460055096
2022-05-09 00:00:00+00:00,12112,0.09732422659702691
2022-05-10 00:00:00+00:00,11405,0.07975859126956376
2022-05-11 00:00:00+00:00,10030,0.07003847577283233
2022-05-12 00:00:00+00:00,10926,0.07460210164075462
2022-05-13 00:00:00+00:00,9901,0.072504521921249
2022-05-14 00:00:00+00:00,6878,0.08763904639339458
2022-05-15 00:00:00+00:00,6969,0.1011128360634331
2022-05-16 00:00:00+00:00,10187,0.07834647183233993
2022-05-17 00:00:00+00:00,10700,0.07418757670094087
2022-05-18 00:00:00+00:00,11853,0.08203676531657485
2022-05-19 00:00:00+00:00,11952,0.08359620347897855
2022-05-20 00:00:00+00:00,10128,0.07453964702592107
2022-05-21 00:00:00+00:00,7040,0.09074503738076824
2022-05-22 00:00:00+00:00,6075,0.09165660832830416
2022-05-23 00:00:00+00:00,11307,0.09170762567521534
2022-05-24 00:00:00+00:00,11290,0.08138520649063241
2022-05-25 00:00:00+00:00,9690,0.06565440982173709
2022-05-26 00:00:00+00:00,9164,0.06343273250823712
2022-05-27 00:00:00+00:00,8315,0.06440544057504027
2022-05-28 00:00:00+00:00,6371,0.08320925737272418
2022-05-29 00:00:00+00:00,4830,0.07395045472639863
2022-05-30 00:00:00+00:00,7848,0.08194119612429002
2022-05-31 00:00:00+00:00,10226,0.08108343839450668
2022-06-01 00:00:00+00:00,10007,0.07280571561608754
2022-06-02 00:00:00+00:00,8106,0.06120461186490588
2022-06-03 00:00:00+00:00,8301,0.0699962898003238
2022-06-04 00:00:00+00:00,4551,0.0602613842507382
2022-06-05 00:00:00+00:00,4513,0.07038694885911692
2022-06-06 00:00:00+00:00,8933,0.07727241271928308
2022-06-07 00:00:00+00:00,8115,0.06164726974383907
2022-06-08 00:00:00+00:00,8268,0.061048636595216824
2022-06-09 00:00:00+00:00,8201,0.06092053068683237
2022-06-10 00:00:00+00:00,8392,0.06527031336283667
2022-06-11 00:00:00+00:00,5606,0.07669261392396405
2022-06-12 00:00:00+00:00,5217,0.08059383303466601
2022-06-13 00:00:00+00:00,6350,0.053223143266643756
2022-06-14 00:00:00+00:00,6978,0.05081376297105407
2022-06-15 00:00:00+00:00,8889,0.06342806990003068
2022-06-16 00:00:00+00:00,8499,0.061088948787061996
2022-06-17 00:00:00+00:00,8212,0.06301750400957694
2022-06-18 00:00:00+00:00,4236,0.05890942467353665
2022-06-19 00:00:00+00:00,4013,0.0627570568457268
2022-06-20 00:00:00+00:00,6758,0.06478268371709581
2022-06-21 00:00:00+00:00,7850,0.06146401810252355
2022-06-22 00:00:00+00:00,8380,0.06154930922284816
2022-06-23 00:00:00+00:00,8095,0.05939627846912421
2022-06-24 00:00:00+00:00,7158,0.05591313857209811
2022-06-25 00:00:00+00:00,4892,0.06500996677740864
2022-06-26 00:00:00+00:00,6076,0.09616206378096068
2022-06-27 00:00:00+00:00,10034,0.08644857800101664
2022-06-28 00:00:00+00:00,8654,0.06467765803201746
2022-06-29 00:00:00+00:00,9591,0.07030442527176901
2022-06-30 00:00:00+00:00,10233,0.0732954667545286
2022-07-01 00:00:00+00:00,7764,0.06214083334667286
2022-07-02 00:00:00+00:00,3779,0.05314675479924056
2022-07-03 00:00:00+00:00,4085,0.06745822049012484
2022-07-04 00:00:00+00:00,6877,0.07830879422448445
2022-07-05 00:00:00+00:00,7390,0.06294236387329762
2022-07-06 00:00:00+00:00,9209,0.07179387230061589
2022-07-07 00:00:00+00:00,9793,0.07290472432738264
2022-07-08 00:00:00+00:00,9185,0.0729118707034785
2022-07-09 00:00:00+00:00,5135,0.070023045559298
2022-07-10 00:00:00+00:00,4873,0.08002430452918186
2022-07-11 00:00:00+00:00,6720,0.05907121069610851
2022-07-12 00:00:00+00:00,7467,0.05677247671545334
2022-07-13 00:00:00+00:00,7708,0.05720519804368316
2022-07-14 00:00:00+00:00,8052,0.058891505639015254
2022-07-15 00:00:00+00:00,7838,0.06080494011046981
2022-07-16 00:00:00+00:00,4920,0.0682281482714149
2022-07-17 00:00:00+00:00,3808,0.061406479286601194
2022-07-18 00:00:00+00:00,6621,0.05801177583850279
2022-07-19 00:00:00+00:00,7033,0.05351259634626066
2022-07-20 00:00:00+00:00,7402,0.056312097743560094
2022-07-21 00:00:00+00:00,8393,0.06206876150893722
2022-07-22 00:00:00+00:00,6654,0.05339260495570677
2022-07-23 00:00:00+00:00,3909,0.054370957646567915
2022-07-24 00:00:00+00:00,3508,0.05717079530638853
2022-07-25 00:00:00+00:00,6110,0.053814581902094455
2022-07-26 00:00:00+00:00,7749,0.05895286205532394
2022-07-27 00:00:00+00:00,7809,0.05884347590198029
2022-07-28 00:00:00+00:00,8373,0.06332819023416228
2022-07-29 00:00:00+00:00,7814,0.06382996103546018
2022-07-30 00:00:00+00:00,4350,0.06100382851613446
2022-07-31 00:00:00+00:00,3424,0.056850634256492
2022-08-01 00:00:00+00:00,6427,0.057403917435535586
2022-08-02 00:00:00+00:00,6435,0.050681263290541075
2022-08-03 00:00:00+00:00,6971,0.05321211566059052
2022-08-04 00:00:00+00:00,8807,0.0666707041038025
2022-08-05 00:00:00+00:00,7397,0.059971461464870035
2022-08-06 00:00:00+00:00,3745,0.05310324291365937
2022-08-07 00:00:00+00:00,3532,0.060055770931102495
2022-08-08 00:00:00+00:00,5888,0.05227597595731269
2022-08-09 00:00:00+00:00,6169,0.04857824570245135
2022-08-10 00:00:00+00:00,6134,0.046993388442415095
2022-08-11 00:00:00+00:00,7100,0.05594427634896621
2022-08-12 00:00:00+00:00,6274,0.051947406769556864
2022-08-13 00:00:00+00:00,3540,0.052080268345789445
2022-08-14 00:00:00+00:00,2767,0.046854627042587416
2022-08-15 00:00:00+00:00,5147,0.04718684965666456
2022-08-16 00:00:00+00:00,6074,0.047609343157234675
2022-08-17 00:00:00+00:00,5642,0.04360595427635138
2022-08-18 00:00:00+00:00,5834,0.04538523773960667
2022-08-19 00:00:00+00:00,5789,0.049195234291347284
2022-08-20 00:00:00+00:00,4546,0.06669503088276287
2022-08-21 00:00:00+00:00,4141,0.0714815901676132
2022-08-22 00:00:00+00:00,6580,0.059709077050117514
2022-08-23 00:00:00+00:00,7686,0.061009199799969833
2022-08-24 00:00:00+00:00,8705,0.06742573873978544
2022-08-25 00:00:00+00:00,7378,0.05663534758044707
2022-08-26 00:00:00+00:00,7355,0.060224685980053386
2022-08-27 00:00:00+00:00,3921,0.05615869378401604
2022-08-28 00:00:00+00:00,3126,0.05299562608076493
2022-08-29 00:00:00+00:00,5323,0.049177753141167777
2022-08-30 00:00:00+00:00,6809,0.05473604668922884
2022-08-31 00:00:00+00:00,8794,0.06850456878890092
2022-09-01 00:00:00+00:00,6826,0.05137081661988154
2022-09-02 00:00:00+00:00,6494,0.053973636529862534
2022-09-03 00:00:00+00:00,4518,0.06458899213724088
2022-09-04 00:00:00+00:00,3716,0.0603697566364493
2022-09-05 00:00:00+00:00,6997,0.08087521383327939
2022-09-06 00:00:00+00:00,8874,0.0754566171218666
2022-09-07 00:00:00+00:00,7827,0.060101359133840127
2022-09-08 00:00:00+00:00,7281,0.053471105333891475
2022-09-09 00:00:00+00:00,5873,0.04602556366229634
2022-09-10 00:00:00+00:00,3678,0.050057161522129676
2022-09-11 00:00:00+00:00,3945,0.06308870800083159
2022-09-12 00:00:00+00:00,6669,0.058720976305570965
2022-09-13 00:00:00+00:00,7330,0.055239042623741484
2022-09-14 00:00:00+00:00,7246,0.053809994133329375
2022-09-15 00:00:00+00:00,7923,0.05766711307790846
2022-09-16 00:00:00+00:00,8219,0.06772077847173014
2022-09-17 00:00:00+00:00,4543,0.06542527146519198
2022-09-18 00:00:00+00:00,3798,0.0631820601543785
2022-09-19 00:00:00+00:00,6439,0.05886924244363583
2022-09-20 00:00:00+00:00,7972,0.0629779434999684
2022-09-21 00:00:00+00:00,9682,0.07368004505121532
2022-09-22 00:00:00+00:00,8976,0.06928064217351035
2022-09-23 00:00:00+00:00,8194,0.06830211641534756
2022-09-24 00:00:00+00:00,5484,0.0768422380091639
2022-09-25 00:00:00+00:00,5508,0.08888601997837559
2022-09-26 00:00:00+00:00,8421,0.07539888616299267
2022-09-27 00:00:00+00:00,9960,0.08004629183142058
2022-09-28 00:00:00+00:00,9546,0.07464343800825722
2022-09-29 00:00:00+00:00,8333,0.06312496212350767
2022-09-30 00:00:00+00:00,9009,0.07225176238481341
2022-10-01 00:00:00+00:00,6405,0.089597963237557
2022-10-02 00:00:00+00:00,4931,0.08397479564032698
2022-10-03 00:00:00+00:00,6816,0.060305775764439414
2022-10-04 00:00:00+00:00,7130,0.055170385960568266
2022-10-05 00:00:00+00:00,7879,0.0610155578443596
2022-10-06 00:00:00+00:00,8633,0.06679045298054234
2022-10-07 00:00:00+00:00,9232,0.07619739350770476
2022-10-08 00:00:00+00:00,5753,0.08231271103989012
2022-10-09 00:00:00+00:00,4568,0.07723783436474925
2022-10-10 00:00:00+00:00,8615,0.080469647577504
2022-10-11 00:00:00+00:00,8543,0.06757847107961018
2022-10-12 00:00:00+00:00,8355,0.06336890486700494
2022-10-13 00:00:00+00:00,8077,0.06220062531766445
2022-10-14 00:00:00+00:00,7098,0.05936768149882904
2022-10-15 00:00:00+00:00,4627,0.06505996990958815
2022-10-16 00:00:00+00:00,4146,0.06861057787780499
2022-10-17 00:00:00+00:00,6929,0.06036292676127503
2022-10-18 00:00:00+00:00,7747,0.06024667931688805
2022-10-19 00:00:00+00:00,8879,0.06727891311101514
2022-10-20 00:00:00+00:00,7584,0.0567630680797557
2022-10-21 00:00:00+00:00,7164,0.0575010634967774
2022-10-22 00:00:00+00:00,4342,0.06324283383826614
2022-10-23 00:00:00+00:00,4164,0.07040562703954821
2022-10-24 00:00:00+00:00,5504,0.05009739136766607
2022-10-25 00:00:00+00:00,7794,0.061458637248949274
2022-10-26 00:00:00+00:00,7241,0.0561013403579453
2022-10-27 00:00:00+00:00,8408,0.06426660551861194
2022-10-28 00:00:00+00:00,6566,0.0519137564338744
2022-10-29 00:00:00+00:00,4112,0.06084010238655363
2022-10-30 00:00:00+00:00,3557,0.05980161398789509
2022-10-31 00:00:00+00:00,6398,0.05611936109186278
2022-11-01 00:00:00+00:00,6508,0.0516409572779788
2022-11-02 00:00:00+00:00,6055,0.04587573018554858
2022-11-03 00:00:00+00:00,7330,0.054548025331715995
2022-11-04 00:00:00+00:00,6105,0.049575703439035286
2022-11-05 00:00:00+00:00,4143,0.06028724843934168
2022-11-06 00:00:00+00:00,3862,0.0630180797598068
2022-11-07 00:00:00+00:00,6815,0.06115014311735623
2022-11-08 00:00:00+00:00,6813,0.05338253960791688
2022-11-09 00:00:00+00:00,6942,0.048133459063678725
2022-11-10 00:00:00+00:00,6971,0.056799941334159
2022-11-11 00:00:00+00:00,2086,0.060519902518277824
2022-11-12 00:00:00+00:00,5185,0.07042540475931762
2022-11-13 00:00:00+00:00,4079,0.06477276336265761
2022-11-14 00:00:00+00:00,7836,0.06798542425819885
2022-11-15 00:00:00+00:00,9000,0.06876790830945559
2022-11-16 00:00:00+00:00,10764,0.08136361918439851
2022-11-17 00:00:00+00:00,9409,0.06948526696698915
2022-11-18 00:00:00+00:00,7606,0.06095137352950604
2022-11-19 00:00:00+00:00,4994,0.06774005398586601
2022-11-20 00:00:00+00:00,4091,0.06666666666666667
2022-11-21 00:00:00+00:00,5974,0.05276126718892137
2022-11-22 00:00:00+00:00,5866,0.049114992380729104
2022-11-23 00:00:00+00:00,6160,0.0507501297588545
2022-11-24 00:00:00+00:00,5216,0.057340735447699666
2022-11-25 00:00:00+00:00,5319,0.06205013940574655
2022-11-26 00:00:00+00:00,3543,0.05664178030726927
2022-11-27 00:00:00+00:00,3452,0.06212655676337197
2022-11-28 00:00:00+00:00,5206,0.05004806767929244
2022-11-29 00:00:00+00:00,6299,0.05100487457286758
2022-11-30 00:00:00+00:00,5695,0.044295970194528925
2022-12-01 00:00:00+00:00,6189,0.048516822928098835
2022-12-02 00:00:00+00:00,6640,0.056348068126851045
2022-12-03 00:00:00+00:00,4638,0.06670981661272923
2022-12-04 00:00:00+00:00,3637,0.06716528162511542
2022-12-05 00:00:00+00:00,7060,0.06408743486864799
2022-12-06 00:00:00+00:00,6369,0.050372514592132114
2022-12-07 00:00:00+00:00,6848,0.05220586553635276
2022-12-08 00:00:00+00:00,8051,0.06257334939571756
2022-12-09 00:00:00+00:00,8410,0.07135342428561732
2022-12-10 00:00:00+00:00,5100,0.07328323250901671
2022-12-11 00:00:00+00:00,4306,0.07542080465205891
2022-12-12 00:00:00+00:00,6171,0.058205449863706245
2022-12-13 00:00:00+00:00,6119,0.04946925048305078
2022-12-14 00:00:00+00:00,6155,0.04840168285298628
2022-12-15 00:00:00+00:00,6797,0.052203499178200025
2022-12-16 00:00:00+00:00,6913,0.05956761134998664
2022-12-17 00:00:00+00:00,3757,0.053064222256747784
2022-12-18 00:00:00+00:00,2850,0.04945255157814371
2022-12-19 00:00:00+00:00,5420,0.0515111195590192
2022-12-20 00:00:00+00:00,6056,0.051207901034135785
2022-12-21 00:00:00+00:00,6901,0.05767029073314224
2022-12-22 00:00:00+00:00,7183,0.06284064564104808
2022-12-23 00:00:00+00:00,5583,0.055267378091033284
2022-12-24 00:00:00+00:00,3794,0.05995480475972251
2022-12-25 00:00:00+00:00,3534,0.07726110054436938
2022-12-26 00:00:00+00:00,4437,0.06963713980789754
2022-12-27 00:00:00+00:00,4483,0.0526167533244915
2022-12-28 00:00:00+00:00,4428,0.047639027853984446
2022-12-29 00:00:00+00:00,5056,0.05380268800612942
2022-12-30 00:00:00+00:00,6202,0.06759746700236514
2022-12-31 00:00:00+00:00,5574,0.0852762988801175
2023-01-01 00:00:00+00:00,3656,0.07387649531199483
2023-01-02 00:00:00+00:00,4300,0.065792493535505
2023-01-03 00:00:00+00:00,5249,0.05041879586583164
2023-01-04 00:00:00+00:00,5446,0.0457516339869281
2023-01-05 00:00:00+00:00,6104,0.04930095064251157
2023-01-06 00:00:00+00:00,5018,0.04338878705080759
2023-01-07 00:00:00+00:00,3241,0.04515940251922863
2023-01-08 00:00:00+00:00,3190,0.05576533109572757
2023-01-09 00:00:00+00:00,4687,0.04336803145963451
2023-01-10 00:00:00+00:00,5191,0.04183962150093899
2023-01-11 00:00:00+00:00,5390,0.040827456653966476
2023-01-12 00:00:00+00:00,6237,0.049051914652657076
2023-01-13 00:00:00+00:00,5701,0.04603409155139976
2023-01-14 00:00:00+00:00,4202,0.057803945304977025
2023-01-15 00:00:00+00:00,4425,0.07497585523306054
2023-01-16 00:00:00+00:00,6056,0.06496181240882176
2023-01-17 00:00:00+00:00,6488,0.05386064968163441
2023-01-18 00:00:00+00:00,6616,0.051489586900351776
2023-01-19 00:00:00+00:00,5892,0.04485964231059135
2023-01-20 00:00:00+00:00,6181,0.0505810147299509
2023-01-21 00:00:00+00:00,3688,0.05032339055208362
2023-01-22 00:00:00+00:00,3568,0.05632913390799154
2023-01-23 00:00:00+00:00,5157,0.04771730480966745
2023-01-24 00:00:00+00:00,5701,0.04452480064979186
2023-01-25 00:00:00+00:00,6699,0.05152561666910232
2023-01-26 00:00:00+00:00,7215,0.0556408140601985
2023-01-27 00:00:00+00:00,5844,0.04873086287982389
2023-01-28 00:00:00+00:00,3365,0.04724464724464725
2023-01-29 00:00:00+00:00,3187,0.05202076260120136
2023-01-30 00:00:00+00:00,6102,0.05529177238129757
2023-01-31 00:00:00+00:00,6605,0.05016557297362985
2023-02-01 00:00:00+00:00,5735,0.04202080890973036
2023-02-02 00:00:00+00:00,6883,0.05262634758009022
2023-02-03 00:00:00+00:00,7227,0.06013329672249819
2023-02-04 00:00:00+00:00,4399,0.06226380376781645
2023-02-05 00:00:00+00:00,3564,0.06172283606387032
2023-02-06 00:00:00+00:00,6610,0.05852302407323789
2023-02-07 00:00:00+00:00,6981,0.055275347400926406
2023-02-08 00:00:00+00:00,8181,0.06343040565686639
2023-02-09 00:00:00+00:00,6871,0.05263682049396335
2023-02-10 00:00:00+00:00,6408,0.053054702312449804
2023-02-11 00:00:00+00:00,3724,0.05323270008719642
2023-02-12 00:00:00+00:00,3053,0.051950924838770056
2023-02-13 00:00:00+00:00,5475,0.049459781744597815
2023-02-14 00:00:00+00:00,6692,0.05162903014265104
2023-02-15 00:00:00+00:00,6503,0.05132353637554654
2023-02-16 00:00:00+00:00,6035,0.047760745178420216
2023-02-17 00:00:00+00:00,6418,0.052996647454212155
2023-02-18 00:00:00+00:00,5582,0.07901926643167566
2023-02-19 00:00:00+00:00,4749,0.08006946434894033
2023-02-20 00:00:00+00:00,7422,0.07903395840654251
2023-02-21 00:00:00+00:00,10260,0.08662687121640676
2023-02-22 00:00:00+00:00,7865,0.0624201395227022
2023-02-23 00:00:00+00:00,7943,0.0639857576709603
2023-02-24 00:00:00+00:00,11725,0.10014862140831597
2023-02-25 00:00:00+00:00,6748,0.09555637372907758
2023-02-26 00:00:00+00:00,4214,0.0731444837880997
2023-02-27 00:00:00+00:00,6773,0.06396320675424265
2023-02-28 00:00:00+00:00,6355,0.0500504048136597
2023-03-01 00:00:00+00:00,5874,0.04524482580665039
2023-03-02 00:00:00+00:00,7496,0.060286796580316715
2023-03-03 00:00:00+00:00,5937,0.04993397646702608
2023-03-04 00:00:00+00:00,3983,0.05718592964824121
2023-03-05 00:00:00+00:00,2950,0.04935503839654682
2023-03-06 00:00:00+00:00,5397,0.050152399360666094
2023-03-07 00:00:00+00:00,5565,0.04690858515615122
2023-03-08 00:00:00+00:00,5749,0.04752378669267841
2023-03-09 00:00:00+00:00,6675,0.05365669362228903
2023-03-10 00:00:00+00:00,5538,0.04506432529640088
2023-03-11 00:00:00+00:00,3448,0.048961276855572756
2023-03-12 00:00:00+00:00,3583,0.05908836043405125
2023-03-13 00:00:00+00:00,6959,0.06051251728245841
2023-03-14 00:00:00+00:00,6974,0.05743841471952033
2023-03-15 00:00:00+00:00,7243,0.057748578809309295
2023-03-16 00:00:00+00:00,6366,0.051039060996728884
2023-03-17 00:00:00+00:00,6639,0.0570762908578208
2023-03-18 00:00:00+00:00,4474,0.06535012123513774
2023-03-19 00:00:00+00:00,3663,0.061926256529898055
2023-03-20 00:00:00+00:00,6575,0.06033826134038121
2023-03-21 00:00:00+00:00,5818,0.052567855723011314
2023-03-22 00:00:00+00:00,1962,0.040586665563393395
2023-03-23 00:00:00+00:00,5517,0.044464324572644404
2023-03-24 00:00:00+00:00,10893,0.046752076224811694
2023-03-25 00:00:00+00:00,6212,0.04496268791754428
2023-03-26 00:00:00+00:00,6107,0.05286576234212554
2023-03-27 00:00:00+00:00,8985,0.04485928115311069
2023-03-28 00:00:00+00:00,10238,0.04540696849276185
2023-03-29 00:00:00+00:00,9854,0.044253828535500965
2023-03-30 00:00:00+00:00,11389,0.0515229792759006
2023-03-31 00:00:00+00:00,10098,0.04786712109936054
2023-04-01 00:00:00+00:00,5638,0.04619115502466041
2023-04-02 00:00:00+00:00,7175,0.06960748171287763
2023-04-03 00:00:00+00:00,11272,0.058113277584731345
2023-04-04 00:00:00+00:00,9825,0.04577346676357131
2023-04-05 00:00:00+00:00,9538,0.04405909036317107
2023-04-06 00:00:00+00:00,9070,0.04411585884870741
2023-04-07 00:00:00+00:00,7429,0.04319638101661802
2023-04-08 00:00:00+00:00,5207,0.04875742082888552
2023-04-09 00:00:00+00:00,3771,0.041294349540078844
2023-04-10 00:00:00+00:00,7339,0.04515946416594365
2023-04-11 00:00:00+00:00,9285,0.04657333607540015
2023-04-12 00:00:00+00:00,10001,0.04832171312334817
2023-04-13 00:00:00+00:00,10205,0.04877477572206264
2023-04-14 00:00:00+00:00,10283,0.053603915906022426
2023-04-15 00:00:00+00:00,5863,0.053123244477465886
2023-04-16 00:00:00+00:00,5937,0.06091917461034097
2023-04-17 00:00:00+00:00,8523,0.04677338806600848
2023-04-18 00:00:00+00:00,9291,0.04504203147270136
2023-04-19 00:00:00+00:00,9465,0.04493896562038562
2023-04-20 00:00:00+00:00,8629,0.041222584759729994
2023-04-21 00:00:00+00:00,8070,0.0410818735777883
2023-04-22 00:00:00+00:00,4402,0.041096018298090835
2023-04-23 00:00:00+00:00,5200,0.055624491891660605
2023-04-24 00:00:00+00:00,7595,0.04183604895836776
2023-04-25 00:00:00+00:00,9878,0.04796170055740061
2023-04-26 00:00:00+00:00,9001,0.04323537605794818
2023-04-27 00:00:00+00:00,8546,0.04013337090260167
2023-04-28 00:00:00+00:00,8915,0.04409262666429264
2023-04-29 00:00:00+00:00,4873,0.04301350516373908
2023-04-30 00:00:00+00:00,5389,0.05273303716460849
2023-05-01 00:00:00+00:00,6366,0.03714639156007842
2023-05-02 00:00:00+00:00,6670,0.03130558854037107
2023-05-03 00:00:00+00:00,9323,0.04377221358849518
2023-05-04 00:00:00+00:00,9229,0.04327317569500124
2023-05-05 00:00:00+00:00,7689,0.03858758111220961
2023-05-06 00:00:00+00:00,5077,0.04254302904355695
2023-05-07 00:00:00+00:00,5304,0.053059101276459526
2023-05-08 00:00:00+00:00,7147,0.040797803414753885
2023-05-09 00:00:00+00:00,10087,0.04929505192425168
2023-05-10 00:00:00+00:00,7687,0.036640530041230725
2023-05-11 00:00:00+00:00,8651,0.04213258785942492
2023-05-12 00:00:00+00:00,8140,0.0410493297965688
2023-05-13 00:00:00+00:00,7168,0.06323552763907758
2023-05-14 00:00:00+00:00,6201,0.06471238938053098
2023-05-15 00:00:00+00:00,9497,0.052282436360433365
2023-05-16 00:00:00+00:00,9754,0.047940391524665664
2023-05-17 00:00:00+00:00,8989,0.04306149040948895
2023-05-18 00:00:00+00:00,8993,0.04369500468872229
2023-05-19 00:00:00+00:00,11107,0.05867995202899393
2023-05-20 00:00:00+00:00,7461,0.06777059186861897
2023-05-21 00:00:00+00:00,6932,0.07339566105858313
2023-05-22 00:00:00+00:00,8698,0.05002760778539548
2023-05-23 00:00:00+00:00,8679,0.044996655969224544
2023-05-24 00:00:00+00:00,9179,0.04481014635670419
2023-05-25 00:00:00+00:00,8721,0.044028554696177225
2023-05-26 00:00:00+00:00,7300,0.03998882504067357
2023-05-27 00:00:00+00:00,4593,0.044421447638206504
2023-05-28 00:00:00+00:00,5193,0.05795694244483879
2023-05-29 00:00:00+00:00,7114,0.05637932810803528
2023-05-30 00:00:00+00:00,8401,0.04866139178183756
2023-05-31 00:00:00+00:00,7990,0.04026669757643869
2023-06-01 00:00:00+00:00,8581,0.043330286764594494
2023-06-02 00:00:00+00:00,8977,0.046921388250052265
2023-06-03 00:00:00+00:00,4963,0.046689934805309655
2023-06-04 00:00:00+00:00,6144,0.06688147696594966
2023-06-05 00:00:00+00:00,7883,0.04631092886223042
2023-06-06 00:00:00+00:00,10318,0.053155701178204
2023-06-07 00:00:00+00:00,9093,0.04602768849181241
2023-06-08 00:00:00+00:00,8932,0.045731020500112636
2023-06-09 00:00:00+00:00,9203,0.04928902337787537
2023-06-10 00:00:00+00:00,5147,0.0483068663888576
2023-06-11 00:00:00+00:00,4978,0.05403762442874046
2023-06-12 00:00:00+00:00,9087,0.05370726085286208
2023-06-13 00:00:00+00:00,8161,0.04124612733181375
2023-06-14 00:00:00+00:00,8121,0.04165320284971303
2023-06-15 00:00:00+00:00,7228,0.03776641046675062
2023-06-16 00:00:00+00:00,7880,0.04381063575459372
2023-06-17 00:00:00+00:00,4307,0.044418089001186
2023-06-18 00:00:00+00:00,5078,0.05541248363160192
2023-06-19 00:00:00+00:00,7985,0.05181935584354903
2023-06-20 00:00:00+00:00,8578,0.04563979781856877
2023-06-21 00:00:00+00:00,8244,0.04245108135942328
2023-06-22 00:00:00+00:00,8691,0.04484311874061576
2023-06-23 00:00:00+00:00,7729,0.04404716448871893
2023-06-24 00:00:00+00:00,10239,0.10030564862164228
2023-06-25 00:00:00+00:00,6776,0.07776171130849917
2023-06-26 00:00:00+00:00,11192,0.06840615851012463
2023-06-27 00:00:00+00:00,9696,0.05223321787005263
2023-06-28 00:00:00+00:00,8144,0.04359089643950585
2023-06-29 00:00:00+00:00,7578,0.040833921576023405
2023-06-30 00:00:00+00:00,8186,0.04568029374672158
2023-07-01 00:00:00+00:00,4169,0.04108886983432384
2023-07-02 00:00:00+00:00,3411,0.04047655777195002
2023-07-03 00:00:00+00:00,6035,0.041506475285249554
2023-07-04 00:00:00+00:00,7009,0.04929562605937419
2023-07-05 00:00:00+00:00,7359,0.04258360192809569
2023-07-06 00:00:00+00:00,8441,0.04625332200882216
2023-07-07 00:00:00+00:00,7833,0.0460250308478759
2023-07-08 00:00:00+00:00,5635,0.05784589484057733
2023-07-09 00:00:00+00:00,5362,0.0645961835003855
2023-07-10 00:00:00+00:00,9160,0.05866830630492147
2023-07-11 00:00:00+00:00,8568,0.046233043027811054
2023-07-12 00:00:00+00:00,9112,0.048265779604635885
2023-07-13 00:00:00+00:00,8893,0.04817547509155128
2023-07-14 00:00:00+00:00,7885,0.04484853310885367
2023-07-15 00:00:00+00:00,4609,0.0454352776490768
2023-07-16 00:00:00+00:00,3860,0.04498467490997238
2023-07-17 00:00:00+00:00,8739,0.05384141457704393
2023-07-18 00:00:00+00:00,7851,0.04249618394985548
2023-07-19 00:00:00+00:00,8348,0.04387126610750247
2023-07-20 00:00:00+00:00,8861,0.04677001356494017
2023-07-21 00:00:00+00:00,7248,0.04120851005765098
2023-07-22 00:00:00+00:00,4353,0.04504392636513209
2023-07-23 00:00:00+00:00,4597,0.053101536328982325
2023-07-24 00:00:00+00:00,5926,0.0378392184407126
2023-07-25 00:00:00+00:00,7924,0.04351981019123672
2023-07-26 00:00:00+00:00,7422,0.04022895053497675
2023-07-27 00:00:00+00:00,7900,0.04306045360644926
2023-07-28 00:00:00+00:00,7390,0.04304093839729291
2023-07-29 00:00:00+00:00,4232,0.04344969199178645
2023-07-30 00:00:00+00:00,5827,0.06672774119667907
2023-07-31 00:00:00+00:00,6982,0.04320704976669926
2023-08-01 00:00:00+00:00,6505,0.03615375209808477
2023-08-02 00:00:00+00:00,6937,0.03695476144814507
2023-08-03 00:00:00+00:00,6646,0.036187219584440475
2023-08-04 00:00:00+00:00,7824,0.04427568176287837
2023-08-05 00:00:00+00:00,4468,0.04364304133781355
2023-08-06 00:00:00+00:00,5174,0.06144163401021256
2023-08-07 00:00:00+00:00,6715,0.04386795842506516
2023-08-08 00:00:00+00:00,7020,0.03957850582683558
2023-08-09 00:00:00+00:00,6818,0.037567636071101904
2023-08-10 00:00:00+00:00,7543,0.040878372885764916
2023-08-11 00:00:00+00:00,6298,0.03689989336645613
2023-08-12 00:00:00+00:00,3858,0.039531523777320096
2023-08-13 00:00:00+00:00,3402,0.040487950014876525
2023-08-14 00:00:00+00:00,6742,0.04297415304203716
2023-08-15 00:00:00+00:00,6746,0.03871182472369191
2023-08-16 00:00:00+00:00,6306,0.03605633158559805
2023-08-17 00:00:00+00:00,5886,0.033025113899050655
2023-08-18 00:00:00+00:00,6816,0.03988133897382787
2023-08-19 00:00:00+00:00,4439,0.04572564612326044
2023-08-20 00:00:00+00:00,5027,0.059666947573322575
2023-08-21 00:00:00+00:00,7458,0.047500159225527035
2023-08-22 00:00:00+00:00,7900,0.04408457542089609
2023-08-23 00:00:00+00:00,11366,0.06262845555782084
2023-08-24 00:00:00+00:00,12962,0.07085266995730911
2023-08-25 00:00:00+00:00,9156,0.053353223278228085
2023-08-26 00:00:00+00:00,5374,0.05436464982650656
2023-08-27 00:00:00+00:00,4610,0.053673303062056116
2023-08-28 00:00:00+00:00,5683,0.037986698305537914
2023-08-29 00:00:00+00:00,6701,0.03725095615049364
2023-08-30 00:00:00+00:00,7758,0.042727322795616016
2023-08-31 00:00:00+00:00,6699,0.03688714153561517
2023-09-01 00:00:00+00:00,6806,0.03886588813065699
2023-09-02 00:00:00+00:00,4598,0.04800083516024637
2023-09-03 00:00:00+00:00,4632,0.057664297185255266
2023-09-04 00:00:00+00:00,7577,0.06121492684424409
2023-09-05 00:00:00+00:00,7197,0.043324363859642785
2023-09-06 00:00:00+00:00,9196,0.049071242949610724
2023-09-07 00:00:00+00:00,8547,0.045332555425904315
2023-09-08 00:00:00+00:00,8094,0.045793752722787684
2023-09-09 00:00:00+00:00,7347,0.07154751818633323
2023-09-10 00:00:00+00:00,6658,0.07417557932263814
2023-09-11 00:00:00+00:00,7617,0.046164195929647635
2023-09-12 00:00:00+00:00,8964,0.04741000877963126
2023-09-13 00:00:00+00:00,8616,0.04492296462368675
2023-09-14 00:00:00+00:00,7584,0.039820220943420005
2023-09-15 00:00:00+00:00,7456,0.04223549004724302
2023-09-16 00:00:00+00:00,4120,0.040235160842985215
2023-09-17 00:00:00+00:00,4783,0.05256390531243818
2023-09-18 00:00:00+00:00,7664,0.04649328747095686
2023-09-19 00:00:00+00:00,9325,0.05150966116862026
2023-09-20 00:00:00+00:00,8765,0.04687316170572318
2023-09-21 00:00:00+00:00,9483,0.0510659608725855
2023-09-22 00:00:00+00:00,8484,0.04804757185332012
2023-09-23 00:00:00+00:00,4707,0.046675591253904504
2023-09-24 00:00:00+00:00,3631,0.040767520714975414
2023-09-25 00:00:00+00:00,6849,0.04347329334475864
2023-09-26 00:00:00+00:00,8510,0.04653909885867098
2023-09-27 00:00:00+00:00,7516,0.04043360142023294
2023-09-28 00:00:00+00:00,7745,0.041974907189117415
2023-09-29 00:00:00+00:00,6476,0.03746579423896882
2023-09-30 00:00:00+00:00,4732,0.04613344772452521
2023-10-01 00:00:00+00:00,5125,0.056808104992462534
2023-10-02 00:00:00+00:00,5811,0.0372662442603186
2023-10-03 00:00:00+00:00,5784,0.03218876954755412
2023-10-04 00:00:00+00:00,6405,0.03490349089403071
2023-10-05 00:00:00+00:00,7259,0.03938686923494303
2023-10-06 00:00:00+00:00,6909,0.03998379582742556
2023-10-07 00:00:00+00:00,3794,0.03727281658316141
2023-10-08 00:00:00+00:00,2569,0.028405886840854055
2023-10-09 00:00:00+00:00,5539,0.03649889956377918
2023-10-10 00:00:00+00:00,6481,0.03634701557408768
2023-10-11 00:00:00+00:00,6173,0.033444399295679265
2023-10-12 00:00:00+00:00,6280,0.03371450045632684
2023-10-13 00:00:00+00:00,6896,0.03904781318656429
2023-10-14 00:00:00+00:00,3656,0.03648447713233607
2023-10-15 00:00:00+00:00,3258,0.036496840973249095
2023-10-16 00:00:00+00:00,7221,0.04449058556782334
2023-10-17 00:00:00+00:00,7498,0.042049654259644555
2023-10-18 00:00:00+00:00,7344,0.03985521010273136
2023-10-19 00:00:00+00:00,6941,0.03757741781800857
2023-10-20 00:00:00+00:00,7977,0.0463560764988581
2023-10-21 00:00:00+00:00,3261,0.033871018000145414
2023-10-22 00:00:00+00:00,3042,0.03709032383925088
2023-10-23 00:00:00+00:00,5026,0.03298462992374027
2023-10-24 00:00:00+00:00,6156,0.03555524751789025
2023-10-25 00:00:00+00:00,6208,0.0332697378293211
2023-10-26 00:00:00+00:00,6636,0.03542184881126496
2023-10-27 00:00:00+00:00,6402,0.03718072317145413
2023-10-28 00:00:00+00:00,3348,0.033302828949986076
2023-10-29 00:00:00+00:00,2674,0.0301407847424958
2023-10-30 00:00:00+00:00,6002,0.03737491359931253
2023-10-31 00:00:00+00:00,6033,0.03252992559042381
2023-11-01 00:00:00+00:00,5255,0.028294673817061876
2023-11-02 00:00:00+00:00,5993,0.03314382417679656
2023-11-03 00:00:00+00:00,4914,0.029461668055613843
2023-11-04 00:00:00+00:00,2672,0.02739641754929202
2023-11-05 00:00:00+00:00,2656,0.030960762828433543
2023-11-06 00:00:00+00:00,4897,0.031646019529154794
2023-11-07 00:00:00+00:00,5046,0.028466980333750804
2023-11-08 00:00:00+00:00,6480,0.03479885937072063
2023-11-09 00:00:00+00:00,6018,0.03212221172476741
2023-11-10 00:00:00+00:00,5813,0.03382168125116366
2023-11-11 00:00:00+00:00,3310,0.033285064961184184
2023-11-12 00:00:00+00:00,3109,0.037426717548062455
2023-11-13 00:00:00+00:00,4810,0.03194569895329685
2023-11-14 00:00:00+00:00,5723,0.03222591362126246
2023-11-15 00:00:00+00:00,6336,0.03589476308096717
2023-11-16 00:00:00+00:00,6435,0.035334621889345254
2023-11-17 00:00:00+00:00,5072,0.028794622581524206
2023-11-18 00:00:00+00:00,2923,0.028175394966407374
2023-11-19 00:00:00+00:00,2569,0.030124649679287983
2023-11-20 00:00:00+00:00,4348,0.028873482614816585
2023-11-21 00:00:00+00:00,6522,0.03706587404877328
2023-11-22 00:00:00+00:00,6635,0.03869639514064259
2023-11-23 00:00:00+00:00,5169,0.03869794045203746
2023-11-24 00:00:00+00:00,4038,0.03087368396908044
2023-11-25 00:00:00+00:00,3106,0.03550444662902083
2023-11-26 00:00:00+00:00,3656,0.04516591307785437
2023-11-27 00:00:00+00:00,5711,0.03829441978355037
2023-11-28 00:00:00+00:00,6274,0.03643183982533157
2023-11-29 00:00:00+00:00,5733,0.03318783865141481
2023-11-30 00:00:00+00:00,7224,0.04063357782477613
2023-12-01 00:00:00+00:00,5140,0.03001565018336409
2023-12-02 00:00:00+00:00,3170,0.03290976288360118
2023-12-03 00:00:00+00:00,2813,0.03389319967227336
2023-12-04 00:00:00+00:00,5041,0.033406450672303994
2023-12-05 00:00:00+00:00,5063,0.02898094458532006
2023-12-06 00:00:00+00:00,7385,0.04111594864542853
2023-12-07 00:00:00+00:00,7376,0.0409875692526548
2023-12-08 00:00:00+00:00,6082,0.03582282954411591
2023-12-09 00:00:00+00:00,4461,0.04424936765362297
2023-12-10 00:00:00+00:00,3977,0.047152138859907045
2023-12-11 00:00:00+00:00,6134,0.04110406014836059
2023-12-12 00:00:00+00:00,5917,0.03595889370339534
2023-12-13 00:00:00+00:00,6100,0.03427601746391185
2023-12-14 00:00:00+00:00,7204,0.04079506200804123
2023-12-15 00:00:00+00:00,6019,0.036342668067480585
2023-12-16 00:00:00+00:00,3499,0.03622865781054244
2023-12-17 00:00:00+00:00,3271,0.04030360157222243
2023-12-18 00:00:00+00:00,4712,0.031852688077549665
2023-12-19 00:00:00+00:00,5335,0.031371465197372675
2023-12-20 00:00:00+00:00,5186,0.03149902818270165
2023-12-21 00:00:00+00:00,5037,0.03141860914801115
2023-12-22 00:00:00+00:00,5305,0.03662207126979525
2023-12-23 00:00:00+00:00,3428,0.03862404651110385
2023-12-24 00:00:00+00:00,2803,0.038598182318920406
2023-12-25 00:00:00+00:00,3960,0.057176684618605526
2023-12-26 00:00:00+00:00,4613,0.043970603654526215
2023-12-27 00:00:00+00:00,3918,0.030398013810225773
2023-12-28 00:00:00+00:00,5024,0.03873016851940363
2023-12-29 00:00:00+00:00,5911,0.04684800355065227
2023-12-30 00:00:00+00:00,4081,0.048946939167146424
2023-12-31 00:00:00+00:00,4201,0.05821139563241326
2024-01-01 00:00:00+00:00,4571,0.057338183642749625
2024-01-02 00:00:00+00:00,4011,0.03077832088950959
2024-01-03 00:00:00+00:00,4151,0.02698556132697971
2024-01-04 00:00:00+00:00,3853,0.02423621026941004
2024-01-05 00:00:00+00:00,3914,0.025216797453837928
2024-01-06 00:00:00+00:00,2933,0.031297351516315595
2024-01-07 00:00:00+00:00,2108,0.027533600658298612
2024-01-08 00:00:00+00:00,4099,0.027605667950755638
2024-01-09 00:00:00+00:00,4466,0.026664756070620407
2024-01-10 00:00:00+00:00,4364,0.026358227886328633
2024-01-11 00:00:00+00:00,4947,0.029476782639265436
2024-01-12 00:00:00+00:00,5262,0.03264308490179779
2024-01-13 00:00:00+00:00,2964,0.03218415766328248
2024-01-14 00:00:00+00:00,2070,0.02512044464400568
2024-01-15 00:00:00+00:00,4344,0.033677029227071865
2024-01-16 00:00:00+00:00,4598,0.027696292503689424
2024-01-17 00:00:00+00:00,4593,0.027117503276772113
2024-01-18 00:00:00+00:00,4278,0.02517492393971671
2024-01-19 00:00:00+00:00,5226,0.032807262043768125
2024-01-20 00:00:00+00:00,3328,0.036185319285426926
2024-01-21 00:00:00+00:00,4068,0.050908544826550536
2024-01-22 00:00:00+00:00,4335,0.030312141638463904
2024-01-23 00:00:00+00:00,6512,0.03814522364628974
2024-01-24 00:00:00+00:00,5336,0.03168100505257408
2024-01-25 00:00:00+00:00,5062,0.02957829600500178
2024-01-26 00:00:00+00:00,5305,0.03447625979697675
2024-01-27 00:00:00+00:00,3940,0.041678126388389365
2024-01-28 00:00:00+00:00,2982,0.03589657164869029
2024-01-29 00:00:00+00:00,4404,0.030100265872012356
2024-01-30 00:00:00+00:00,5190,0.030469011430282324
2024-01-31 00:00:00+00:00,5386,0.03137890051501946
2024-02-01 00:00:00+00:00,5788,0.033002434699311786
2024-02-02 00:00:00+00:00,4515,0.027467179306233193
2024-02-03 00:00:00+00:00,2461,0.025556882496495147
2024-02-04 00:00:00+00:00,3432,0.0416328016012616
2024-02-05 00:00:00+00:00,5726,0.036624366780944585
2024-02-06 00:00:00+00:00,4827,0.027876435835686688
2024-02-07 00:00:00+00:00,5330,0.02991944764096663
2024-02-08 00:00:00+00:00,5631,0.03220566787726272
2024-02-09 00:00:00+00:00,5275,0.031716922706911586
2024-02-10 00:00:00+00:00,2718,0.028095927227620426
2024-02-11 00:00:00+00:00,4165,0.05022792503798751
2024-02-12 00:00:00+00:00,5456,0.036265021801552694
2024-02-13 00:00:00+00:00,6006,0.03532421702690781
2024-02-14 00:00:00+00:00,6286,0.036006209152198695
2024-02-15 00:00:00+00:00,7672,0.04322180470189236
2024-02-16 00:00:00+00:00,9659,0.057397019324475294
2024-02-17 00:00:00+00:00,7288,0.07555933398303855
2024-02-18 00:00:00+00:00,4949,0.061110082113971724
2024-02-19 00:00:00+00:00,8054,0.061689057736791314
2024-02-20 00:00:00+00:00,8918,0.05293178459292146
2024-02-21 00:00:00+00:00,8508,0.047972393883350624
2024-02-22 00:00:00+00:00,7288,0.04167071671574373
2024-02-23 00:00:00+00:00,8853,0.05350537894355131
2024-02-24 00:00:00+00:00,7154,0.07287358663542834
2024-02-25 00:00:00+00:00,5834,0.07014126840997896
2024-02-26 00:00:00+00:00,6963,0.04479945440273828
2024-02-27 00:00:00+00:00,7020,0.03888162704654718
2024-02-28 00:00:00+00:00,6661,0.03611805468949101
2024-02-29 00:00:00+00:00,6236,0.03343538381525824
2024-03-01 00:00:00+00:00,7312,0.04205876262568162
2024-03-02 00:00:00+00:00,3900,0.039519283383661306
2024-03-03 00:00:00+00:00,3042,0.036530009366669065
2024-03-04 00:00:00+00:00,5669,0.036352093980647274
2024-03-05 00:00:00+00:00,5578,0.031141829875611336
2024-03-06 00:00:00+00:00,5544,0.030006657321158915
2024-03-07 00:00:00+00:00,7170,0.04048262973355993
2024-03-08 00:00:00+00:00,7810,0.044901056698363785
2024-03-09 00:00:00+00:00,3944,0.03984562849811077
2024-03-10 00:00:00+00:00,2998,0.03521259102654452
2024-03-11 00:00:00+00:00,5614,0.03396783523119184
2024-03-12 00:00:00+00:00,6432,0.03626829061997801
2024-03-13 00:00:00+00:00,6525,0.0368904593639576
2024-03-14 00:00:00+00:00,5432,0.030754597336715282
2024-03-15 00:00:00+00:00,6076,0.036772538007165685
2024-03-16 00:00:00+00:00,3310,0.03459665112778811
2024-03-17 00:00:00+00:00,5361,0.06526026196620734
2024-03-18 00:00:00+00:00,7882,0.05071974157513047
2024-03-19 00:00:00+00:00,5714,0.03272342009563898
2024-03-20 00:00:00+00:00,5294,0.02906012932690724
2024-03-21 00:00:00+00:00,5668,0.031396965550859426
2024-03-22 00:00:00+00:00,8576,0.05061737139079727
2024-03-23 00:00:00+00:00,8070,0.08421689764568376
2024-03-24 00:00:00+00:00,5090,0.06274345446476998
2024-03-25 00:00:00+00:00,8060,0.053290313196294806
2024-03-26 00:00:00+00:00,6182,0.03492872438400126
2024-03-27 00:00:00+00:00,5353,0.03036542890530161
2024-03-28 00:00:00+00:00,5135,0.029399977098362534
2024-03-29 00:00:00+00:00,5294,0.036819885798540834
2024-03-30 00:00:00+00:00,3231,0.03656218173588322
2024-03-31 00:00:00+00:00,2812,0.03560575364667747
2024-04-01 00:00:00+00:00,4796,0.03442360557840414
2024-04-02 00:00:00+00:00,5510,0.03169380676556362
2024-04-03 00:00:00+00:00,5210,0.029410768518623058
2024-04-04 00:00:00+00:00,5380,0.03119075640483051
2024-04-05 00:00:00+00:00,4178,0.025019462243248098
2024-04-06 00:00:00+00:00,3228,0.034366017246885976
2024-04-07 00:00:00+00:00,3236,0.03982328111347666
2024-04-08 00:00:00+00:00,4700,0.030403198157695568
2024-04-09 00:00:00+00:00,6408,0.03703810740357549
2024-04-10 00:00:00+00:00,5304,0.03104513953923956
2024-04-11 00:00:00+00:00,5903,0.0348220553448286
2024-04-12 00:00:00+00:00,6580,0.040577457927096244
2024-04-13 00:00:00+00:00,3004,0.03234942548540291
2024-04-14 00:00:00+00:00,3262,0.040269119190173445
2024-04-15 00:00:00+00:00,4589,0.03106573968142216
2024-04-16 00:00:00+00:00,5043,0.029985194698631847
2024-04-17 00:00:00+00:00,5842,0.034530656153396025
2024-04-18 00:00:00+00:00,6810,0.03929171066068925
2024-04-19 00:00:00+00:00,5764,0.03527323909185484
2024-04-20 00:00:00+00:00,4249,0.04470466931801444
2024-04-21 00:00:00+00:00,3265,0.04112608640886761
2024-04-22 00:00:00+00:00,4547,0.02964397243573445
2024-04-23 00:00:00+00:00,5812,0.033486013885287935
2024-04-24 00:00:00+00:00,7400,0.0425460963956557
2024-04-25 00:00:00+00:00,5242,0.030493586573979815
2024-04-26 00:00:00+00:00,5622,0.03403271305253217
2024-04-27 00:00:00+00:00,3662,0.03847608640833824
2024-04-28 00:00:00+00:00,2785,0.034832964366565355
2024-04-29 00:00:00+00:00,4122,0.028037764597050662
2024-04-30 00:00:00+00:00,3936,0.023358911816547083
2024-05-01 00:00:00+00:00,3498,0.021008125784501553
2024-05-02 00:00:00+00:00,4796,0.027735689748898323
2024-05-03 00:00:00+00:00,4513,0.028369373899924565
2024-05-04 00:00:00+00:00,2934,0.03136693108683102
2024-05-05 00:00:00+00:00,2638,0.033144867445659004
2024-05-06 00:00:00+00:00,4992,0.03490738215611823
2024-05-07 00:00:00+00:00,5720,0.03287129623244374
2024-05-08 00:00:00+00:00,4602,0.026871423566507065
2024-05-09 00:00:00+00:00,5514,0.032291880179204126
2024-05-10 00:00:00+00:00,4551,0.028421723164547476
2024-05-11 00:00:00+00:00,2803,0.030025815988773793
2024-05-12 00:00:00+00:00,3408,0.04439002787401985
2024-05-13 00:00:00+00:00,5374,0.037659425367904696
2024-05-14 00:00:00+00:00,6387,0.0380017968596605
2024-05-15 00:00:00+00:00,6283,0.03610981798536756
2024-05-16 00:00:00+00:00,6453,0.038711186831117725
2024-05-17 00:00:00+00:00,5716,0.0354544383175889
2024-05-18 00:00:00+00:00,3385,0.038930867520040484
2024-05-19 00:00:00+00:00,3271,0.04352743918667164
2024-05-20 00:00:00+00:00,5960,0.04074907186468026
2024-05-21 00:00:00+00:00,4977,0.03031964471736389
2024-05-22 00:00:00+00:00,4563,0.02690781287777378
2024-05-23 00:00:00+00:00,4740,0.02844864838911029
2024-05-24 00:00:00+00:00,4939,0.03166675215428806
2024-05-25 00:00:00+00:00,3217,0.035765903986836545
2024-05-26 00:00:00+00:00,2869,0.03503180824694433
2024-05-27 00:00:00+00:00,3729,0.03302016275424817
2024-05-28 00:00:00+00:00,3749,0.024443835902250736
2024-05-29 00:00:00+00:00,4608,0.027554699786522835
2024-05-30 00:00:00+00:00,5108,0.030424139183884976
2024-05-31 00:00:00+00:00,6131,0.03698698728892803
2024-06-01 00:00:00+00:00,3314,0.03449496211174952
2024-06-02 00:00:00+00:00,3424,0.04439546191247974
2024-06-03 00:00:00+00:00,4210,0.028557861891195226
2024-06-04 00:00:00+00:00,3923,0.02338473643738935
2024-06-05 00:00:00+00:00,5445,0.03197148695304977
2024-06-06 00:00:00+00:00,7109,0.041557302779645165
2024-06-07 00:00:00+00:00,5492,0.03452633167155978
2024-06-08 00:00:00+00:00,3376,0.03610656570517962
2024-06-09 00:00:00+00:00,2702,0.033582738820254046
2024-06-10 00:00:00+00:00,4458,0.031268850389282454
2024-06-11 00:00:00+00:00,5669,0.03408633119479536
2024-06-12 00:00:00+00:00,5617,0.03380964992536235
2024-06-13 00:00:00+00:00,7383,0.043886606946483664
2024-06-14 00:00:00+00:00,6151,0.03889985075004427
2024-06-15 00:00:00+00:00,4521,0.04612418127282744
2024-06-16 00:00:00+00:00,4240,0.05121638924455826
2024-06-17 00:00:00+00:00,5581,0.03863406664912985
2024-06-18 00:00:00+00:00,4597,0.02806402774047032
2024-06-19 00:00:00+00:00,5540,0.03661889905346095
2024-06-20 00:00:00+00:00,6126,0.037579133336604995
2024-06-21 00:00:00+00:00,5228,0.0328542610619191
2024-06-22 00:00:00+00:00,3632,0.04032822198287827
2024-06-23 00:00:00+00:00,3150,0.04094152510430341
2024-06-24 00:00:00+00:00,5420,0.037081380631478124
2024-06-25 00:00:00+00:00,5979,0.03626713575154677
2024-06-26 00:00:00+00:00,5307,0.03167469426489283
2024-06-27 00:00:00+00:00,4780,0.028758799109560196
2024-06-28 00:00:00+00:00,5022,0.03082059370454699
2024-06-29 00:00:00+00:00,2785,0.030950978539913982
2024-06-30 00:00:00+00:00,3238,0.04213128618827663
2024-07-01 00:00:00+00:00,4418,0.02992191045099593
2024-07-02 00:00:00+00:00,4166,0.02624896825046783
2024-07-03 00:00:00+00:00,3775,0.02491173656251031
2024-07-04 00:00:00+00:00,3556,0.027966088365289334
2024-07-05 00:00:00+00:00,4502,0.032529371811731385
2024-07-06 00:00:00+00:00,2599,0.03127670072325114
2024-07-07 00:00:00+00:00,3333,0.045315495370559206
2024-07-08 00:00:00+00:00,6405,0.046561500436173305
2024-07-09 00:00:00+00:00,7120,0.04441090063060984
2024-07-10 00:00:00+00:00,5865,0.03583386284764651
2024-07-11 00:00:00+00:00,5717,0.035162929157492036
2024-07-12 00:00:00+00:00,5968,0.03849105766564118
2024-07-13 00:00:00+00:00,3098,0.034310902405528726
2024-07-14 00:00:00+00:00,1984,0.02160043549265106
2024-07-15 00:00:00+00:00,3613,0.02526114133094682
2024-07-16 00:00:00+00:00,3864,0.024174476657615837
2024-07-17 00:00:00+00:00,4225,0.026345490712045345
2024-07-18 00:00:00+00:00,4980,0.030915355247229725
2024-07-19 00:00:00+00:00,5262,0.03429889972362726
2024-07-20 00:00:00+00:00,2423,0.02732727313739201
2024-07-21 00:00:00+00:00,2430,0.02982107355864811
2024-07-22 00:00:00+00:00,4096,0.028264649866129345
2024-07-23 00:00:00+00:00,3519,0.022083464072795732
2024-07-24 00:00:00+00:00,4693,0.028960197469916692
2024-07-25 00:00:00+00:00,4758,0.028834441340274283
2024-07-26 00:00:00+00:00,4664,0.02949285443278108
2024-07-27 00:00:00+00:00,3422,0.03768182969398654
2024-07-28 00:00:00+00:00,2598,0.03208358032009484
2024-07-29 00:00:00+00:00,4093,0.027940855223636065
2024-07-30 00:00:00+00:00,3631,0.02207254578943849
2024-07-31 00:00:00+00:00,4078,0.02474874981793465
2024-08-01 00:00:00+00:00,6518,0.039720893384929463
2024-08-02 00:00:00+00:00,5829,0.03797963212728943
2024-08-03 00:00:00+00:00,2870,0.03215902469633813
2024-08-04 00:00:00+00:00,3035,0.040208794266106705
2024-08-05 00:00:00+00:00,3899,0.027953828505878978
2024-08-06 00:00:00+00:00,3972,0.025848772964213895
2024-08-07 00:00:00+00:00,3912,0.024004270698467826
2024-08-08 00:00:00+00:00,3803,0.023228683117517714
2024-08-09 00:00:00+00:00,4570,0.029878459396023616
2024-08-10 00:00:00+00:00,3220,0.035081602858823786
2024-08-11 00:00:00+00:00,3348,0.04416536949581827
2024-08-12 00:00:00+00:00,4426,0.032148175049936445
2024-08-13 00:00:00+00:00,4808,0.030938714576201384
2024-08-14 00:00:00+00:00,4952,0.030789509680788887
2024-08-15 00:00:00+00:00,4510,0.028275862068965516
2024-08-16 00:00:00+00:00,3657,0.023926669370984414
2024-08-17 00:00:00+00:00,2416,0.02706487279733832
2024-08-18 00:00:00+00:00,2945,0.03934640872167593
2024-08-19 00:00:00+00:00,4547,0.033385708831390054
2024-08-20 00:00:00+00:00,3672,0.023240506329113925
2024-08-21 00:00:00+00:00,4151,0.025704696324185077
2024-08-22 00:00:00+00:00,4226,0.026234270921924176
2024-08-23 00:00:00+00:00,5237,0.03394719613143276
2024-08-24 00:00:00+00:00,3167,0.03690884087359858
2024-08-25 00:00:00+00:00,3631,0.04923523349785757
2024-08-26 00:00:00+00:00,5044,0.038627957022185806
2024-08-27 00:00:00+00:00,4843,0.03159824620925438
2024-08-28 00:00:00+00:00,4595,0.02879415469260125
2024-08-29 00:00:00+00:00,4402,0.0276630909513665
2024-08-30 00:00:00+00:00,3789,0.02557266849344654
2024-08-31 00:00:00+00:00,2987,0.033406401682063214
2024-09-01 00:00:00+00:00,2971,0.03825354724074885
2024-09-02 00:00:00+00:00,3864,0.03426503972758229
2024-09-03 00:00:00+00:00,5119,0.03446279378202064
2024-09-04 00:00:00+00:00,5572,0.03370025402201524
2024-09-05 00:00:00+00:00,5052,0.030568161190778726
2024-09-06 00:00:00+00:00,5008,0.031571116966953715
2024-09-07 00:00:00+00:00,2741,0.030024865539867017
2024-09-08 00:00:00+00:00,2028,0.025340813954941335
2024-09-09 00:00:00+00:00,4166,0.0278869260788947
2024-09-10 00:00:00+00:00,4469,0.026998616539899836
2024-09-11 00:00:00+00:00,7496,0.04473968498391496
2024-09-12 00:00:00+00:00,4821,0.02822880497473402
2024-09-13 00:00:00+00:00,5605,0.03515847974859021
2024-09-14 00:00:00+00:00,3219,0.03539151659080414
2024-09-15 00:00:00+00:00,2272,0.028921674707537204
2024-09-16 00:00:00+00:00,4988,0.034194362180541844
2024-09-17 00:00:00+00:00,4324,0.026486658662681007
2024-09-18 00:00:00+00:00,3898,0.02324957204802605
2024-09-19 00:00:00+00:00,4146,0.026067930032820694
2024-09-20 00:00:00+00:00,3672,0.024211414706192636
2024-09-21 00:00:00+00:00,2782,0.030962026443484843
2024-09-22 00:00:00+00:00,2701,0.03493093994102737
2024-09-23 00:00:00+00:00,4924,0.034290648764589544
2024-09-24 00:00:00+00:00,5361,0.03319545752888581
2024-09-25 00:00:00+00:00,4795,0.028893722921550076
2024-09-26 00:00:00+00:00,5570,0.03376801314345646
2024-09-27 00:00:00+00:00,5092,0.03293362826134762
2024-09-28 00:00:00+00:00,4193,0.047863657637295526
2024-09-29 00:00:00+00:00,3070,0.03930103053190808
2024-09-30 00:00:00+00:00,4042,0.027650463121314525
2024-10-01 00:00:00+00:00,3892,0.023824681684622918
2024-10-02 00:00:00+00:00,3445,0.021653592799316137
2024-10-03 00:00:00+00:00,3344,0.020939392231635764
2024-10-04 00:00:00+00:00,3560,0.02295692996201789
2024-10-05 00:00:00+00:00,1835,0.02140490854796566
2024-10-06 00:00:00+00:00,2036,0.02706834891048566
2024-10-07 00:00:00+00:00,4514,0.03189272063135434
2024-10-08 00:00:00+00:00,5498,0.03348681966574087
2024-10-09 00:00:00+00:00,5208,0.03209940460781776
2024-10-10 00:00:00+00:00,8324,0.051753938745818774
2024-10-11 00:00:00+00:00,6148,0.039741178143644834
2024-10-12 00:00:00+00:00,2853,0.033414145673026245
2024-10-13 00:00:00+00:00,2695,0.03602026223285529
2024-10-14 00:00:00+00:00,4097,0.029507511919680797
2024-10-15 00:00:00+00:00,3897,0.024190094289846618
2024-10-16 00:00:00+00:00,4773,0.028147999622570297
2024-10-17 00:00:00+00:00,4053,0.023735344756907435
2024-10-18 00:00:00+00:00,4772,0.03085757148584509
2024-10-19 00:00:00+00:00,2926,0.0337711502504559
2024-10-20 00:00:00+00:00,3048,0.0397035261629043
2024-10-21 00:00:00+00:00,4825,0.03350647907667949
2024-10-22 00:00:00+00:00,5352,0.03326186258972686
2024-10-23 00:00:00+00:00,6138,0.03688258622761687
2024-10-24 00:00:00+00:00,5703,0.03432378590816898
2024-10-25 00:00:00+00:00,6104,0.03964434399132293
2024-10-26 00:00:00+00:00,3920,0.04514048825426071
2024-10-27 00:00:00+00:00,3257,0.04242597923641053
2024-10-28 00:00:00+00:00,5383,0.03780090446897559
2024-10-29 00:00:00+00:00,4550,0.0281730257210437
2024-10-30 00:00:00+00:00,4372,0.02704809512614608
2024-10-31 00:00:00+00:00,4780,0.03129706017154456
2024-11-01 00:00:00+00:00,4505,0.02986568727542727
2024-11-02 00:00:00+00:00,2435,0.027984967417912676
2024-11-03 00:00:00+00:00,2759,0.037685593694936556
2024-11-04 00:00:00+00:00,3690,0.02602164944818589
2024-11-05 00:00:00+00:00,5942,0.03715003813787153
2024-11-06 00:00:00+00:00,8298,0.04726266147221653
2024-11-07 00:00:00+00:00,6544,0.04100790204224867
2024-11-08 00:00:00+00:00,4711,0.03052767319643077
2024-11-09 00:00:00+00:00,3185,0.03594240187780712
2024-11-10 00:00:00+00:00,2887,0.040272294837278726
2024-11-11 00:00:00+00:00,4621,0.03436198691255205
2024-11-12 00:00:00+00:00,5388,0.033569884299786294
2024-11-13 00:00:00+00:00,6108,0.03635779210343042
2024-11-14 00:00:00+00:00,4185,0.025522183259643238
2024-11-15 00:00:00+00:00,5514,0.035688396416921245
2024-11-16 00:00:00+00:00,3668,0.0404557336186264
2024-11-17 00:00:00+00:00,4338,0.058982691340231416
2024-11-18 00:00:00+00:00,7242,0.051245037892457594
2024-11-19 00:00:00+00:00,7590,0.0458571480358157
2024-11-20 00:00:00+00:00,7352,0.0445216885782975
2024-11-21 00:00:00+00:00,6729,0.04035914783359724
2024-11-22 00:00:00+00:00,6887,0.04408780431595726
2024-11-23 00:00:00+00:00,2723,0.030538546082587534
2024-11-24 00:00:00+00:00,3137,0.04361730231782094
2024-11-25 00:00:00+00:00,5273,0.037962289688339174
2024-11-26 00:00:00+00:00,4104,0.02558778968632512
2024-11-27 00:00:00+00:00,4140,0.026371778375141732
2024-11-28 00:00:00+00:00,4542,0.03662903225806451
2024-11-29 00:00:00+00:00,5598,0.04749300076355307
2024-11-30 00:00:00+00:00,4141,0.05094546215075723
2024-12-01 00:00:00+00:00,5111,0.06895574743658932
2024-12-02 00:00:00+00:00,5832,0.04078521326218766
2024-12-03 00:00:00+00:00,5587,0.035053266911773934
2024-12-04 00:00:00+00:00,4275,0.026445698166431594
2024-12-05 00:00:00+00:00,4932,0.031002684133439776
2024-12-06 00:00:00+00:00,4783,0.032293783632324845
2024-12-07 00:00:00+00:00,4098,0.04770496955868829
2024-12-08 00:00:00+00:00,6201,0.08806612415321034
2024-12-09 00:00:00+00:00,6780,0.04991643782164076
2024-12-10 00:00:00+00:00,6037,0.03848728459679836
2024-12-11 00:00:00+00:00,4940,0.031535471021200266
2024-12-12 00:00:00+00:00,5093,0.031223752858447824
2024-12-13 00:00:00+00:00,5403,0.03555213391764381
2024-12-14 00:00:00+00:00,2697,0.03031495177933143
2024-12-15 00:00:00+00:00,2571,0.036070541689465045
2024-12-16 00:00:00+00:00,5540,0.041026704385562156
2024-12-17 00:00:00+00:00,5523,0.03582571693597037
2024-12-18 00:00:00+00:00,4952,0.03118702136235389
2024-12-19 00:00:00+00:00,4419,0.027862195936999533
2024-12-20 00:00:00+00:00,4141,0.028023469063199996
2024-12-21 00:00:00+00:00,2201,0.025127865558498493
2024-12-22 00:00:00+00:00,1997,0.028698713803262197
2024-12-23 00:00:00+00:00,3235,0.02761581998070734
2024-12-24 00:00:00+00:00,3203,0.0291922239133803
2024-12-25 00:00:00+00:00,4743,0.06893594756042615
2024-12-26 00:00:00+00:00,4365,0.04604721817836572
2024-12-27 00:00:00+00:00,4872,0.046156469674289935
2024-12-28 00:00:00+00:00,3409,0.047547980361526444
2024-12-29 00:00:00+00:00,3996,0.0601752853657802
2024-12-30 00:00:00+00:00,5373,0.04855720134112948
2024-12-31 00:00:00+00:00,4142,0.0365478112784675
2025-01-01 00:00:00+00:00,3582,0.042728823466259495
2025-01-02 00:00:00+00:00,2885,0.023656072681950868
2025-01-03 00:00:00+00:00,2884,0.021660107549493796
2025-01-04 00:00:00+00:00,1909,0.023281907433380083
2025-01-05 00:00:00+00:00,1902,0.028459420636820686
2025-01-06 00:00:00+00:00,4142,0.0300840348341456
2025-01-07 00:00:00+00:00,4722,0.030238217213114753
2025-01-08 00:00:00+00:00,4377,0.027552041696304364
2025-01-09 00:00:00+00:00,4222,0.02703031467076411
2025-01-10 00:00:00+00:00,4919,0.032447229551451184
2025-01-11 00:00:00+00:00,3435,0.03970042647619708
2025-01-12 00:00:00+00:00,2984,0.04413678854573423
2025-01-13 00:00:00+00:00,4369,0.03199349731617836
2025-01-14 00:00:00+00:00,5527,0.03418607815727946
2025-01-15 00:00:00+00:00,5277,0.03265591544240504
2025-01-16 00:00:00+00:00,4210,0.026314638064342727
2025-01-17 00:00:00+00:00,4462,0.02847152209701502
2025-01-18 00:00:00+00:00,2327,0.02524847011848444
2025-01-19 00:00:00+00:00,1871,0.02411828400536248
2025-01-20 00:00:00+00:00,3891,0.031104112041951782
2025-01-21 00:00:00+00:00,4641,0.029473964981805018
2025-01-22 00:00:00+00:00,3940,0.02391008835809302
2025-01-23 00:00:00+00:00,4569,0.028525941187488295
2025-01-24 00:00:00+00:00,4167,0.02732405264158738
2025-01-25 00:00:00+00:00,2413,0.026595099800509198
2025-01-26 00:00:00+00:00,2205,0.031201358426489318
2025-01-27 00:00:00+00:00,3710,0.02835264268028001
2025-01-28 00:00:00+00:00,3838,0.024828085882664976
2025-01-29 00:00:00+00:00,3457,0.021699285687384662
2025-01-30 00:00:00+00:00,6258,0.039967555899014545
2025-01-31 00:00:00+00:00,4985,0.03279001236614308
2025-02-01 00:00:00+00:00,2492,0.02693267910988144
2025-02-02 00:00:00+00:00,2811,0.03735796398431789
2025-02-03 00:00:00+00:00,4653,0.03260115606936416
2025-02-04 00:00:00+00:00,3647,0.023682740886008545
2025-02-05 00:00:00+00:00,4225,0.02664757712029568
2025-02-06 00:00:00+00:00,3266,0.02077806406463721
2025-02-07 00:00:00+00:00,3701,0.025003715764298936
2025-02-08 00:00:00+00:00,2386,0.025835092848248607
2025-02-09 00:00:00+00:00,2510,0.0358545818155846
2025-02-10 00:00:00+00:00,3358,0.025335747698807906
2025-02-11 00:00:00+00:00,4613,0.030616579279219486
2025-02-12 00:00:00+00:00,7003,0.04499746194524227
2025-02-13 00:00:00+00:00,6424,0.040774098545867686
2025-02-14 00:00:00+00:00,6725,0.045031471809294225
2025-02-15 00:00:00+00:00,4969,0.05727491729773966
2025-02-16 00:00:00+00:00,4178,0.05874908600033748
2025-02-17 00:00:00+00:00,5850,0.05172185137703903
2025-02-18 00:00:00+00:00,6500,0.04638649225345579
2025-02-19 00:00:00+00:00,6986,0.0460857461391808
2025-02-20 00:00:00+00:00,7000,0.045599932251529224
2025-02-21 00:00:00+00:00,6093,0.04153091132165496
2025-02-22 00:00:00+00:00,4420,0.04986687124870256
2025-02-23 00:00:00+00:00,5062,0.07074476262350984
2025-02-24 00:00:00+00:00,8987,0.06863973115405178
2025-02-25 00:00:00+00:00,6705,0.043063307236305484
2025-02-26 00:00:00+00:00,7050,0.04440385463248724
2025-02-27 00:00:00+00:00,6279,0.039958762099314614
2025-02-28 00:00:00+00:00,7612,0.049251713004600364
2025-03-01 00:00:00+00:00,6500,0.07374631268436578
2025-03-02 00:00:00+00:00,6461,0.08957810528650852
2025-03-03 00:00:00+00:00,9132,0.06762540914409278
2025-03-04 00:00:00+00:00,9150,0.05850832544696524
2025-03-05 00:00:00+00:00,8682,0.05389433432861763
2025-03-06 00:00:00+00:00,6698,0.04284855231003467
2025-03-07 00:00:00+00:00,6991,0.046072228812442335
2025-03-08 00:00:00+00:00,4224,0.04582587469487388
2025-03-09 00:00:00+00:00,3489,0.04685422681796817
2025-03-10 00:00:00+00:00,5047,0.03685178965199994
2025-03-11 00:00:00+00:00,6284,0.04040507956920109
2025-03-12 00:00:00+00:00,6962,0.04482907386301441
2025-03-13 00:00:00+00:00,6576,0.04271267025636696
2025-03-14 00:00:00+00:00,6289,0.043689691344731045
2025-03-15 00:00:00+00:00,5309,0.06287304594978683
2025-03-16 00:00:00+00:00,4004,0.05647788983708301
2025-03-17 00:00:00+00:00,5868,0.0440107701884783
2025-03-18 00:00:00+00:00,7379,0.04702186366909455
2025-03-19 00:00:00+00:00,7419,0.04765238615196866
2025-03-20 00:00:00+00:00,5124,0.03247498146188119
2025-03-21 00:00:00+00:00,5002,0.033310247462774036
2025-03-22 00:00:00+00:00,2701,0.031693322225220893
2025-03-23 00:00:00+00:00,2161,0.03153041422881071
2025-03-24 00:00:00+00:00,4428,0.03411533572171501
2025-03-25 00:00:00+00:00,6283,0.04133797395898441
2025-03-26 00:00:00+00:00,6823,0.043052479477035104
2025-03-27 00:00:00+00:00,5618,0.03577979314210017
2025-03-28 00:00:00+00:00,4997,0.03323445688898348
2025-03-29 00:00:00+00:00,3240,0.03647046905075474
2025-03-30 00:00:00+00:00,3689,0.049697557558366676
2025-03-31 00:00:00+00:00,5197,0.03937419501477385
2025-04-01 00:00:00+00:00,4016,0.02606353635980141
2025-04-02 00:00:00+00:00,3745,0.023724003370138795
2025-04-03 00:00:00+00:00,4480,0.028486405371722156
2025-04-04 00:00:00+00:00,4343,0.0288264967476437
2025-04-05 00:00:00+00:00,2542,0.02957258195863096
2025-04-06 00:00:00+00:00,2471,0.035974260423945956
2025-04-07 00:00:00+00:00,2819,0.0216408343121224
2025-04-08 00:00:00+00:00,3431,0.022778423236514522
2025-04-09 00:00:00+00:00,3385,0.022325697966613683
2025-04-10 00:00:00+00:00,4380,0.028608378727906884
2025-04-11 00:00:00+00:00,3877,0.026218089602704987
2025-04-12 00:00:00+00:00,2659,0.03225336907606652
2025-04-13 00:00:00+00:00,2509,0.036804506315001984
2025-04-14 00:00:00+00:00,3709,0.028649112101527076
2025-04-15 00:00:00+00:00,3584,0.023754134107463597
2025-04-16 00:00:00+00:00,3040,0.01960759020136479
2025-04-17 00:00:00+00:00,4102,0.02786325134663325
2025-04-18 00:00:00+00:00,5006,0.03965085701612648
2025-04-19 00:00:00+00:00,3057,0.03994407568076099
2025-04-20 00:00:00+00:00,3271,0.05177107404007471
2025-04-21 00:00:00+00:00,4527,0.036950577480308534
2025-04-22 00:00:00+00:00,3674,0.02530215901656279
2025-04-23 00:00:00+00:00,4875,0.03247207401634594
2025-04-24 00:00:00+00:00,5554,0.03774251639427814
2025-04-25 00:00:00+00:00,5273,0.03711498395179909
2025-04-26 00:00:00+00:00,4571,0.0559972558772005
2025-04-27 00:00:00+00:00,2880,0.0419592645473353
2025-04-28 00:00:00+00:00,5422,0.04166218438321218
2025-04-29 00:00:00+00:00,3698,0.024046402143238006
2025-04-30 00:00:00+00:00,4341,0.028588551408024025
2025-05-01 00:00:00+00:00,4258,0.029826281871672737
2025-05-02 00:00:00+00:00,3153,0.021960953661203708
2025-05-03 00:00:00+00:00,2619,0.03240694911898634
2025-05-04 00:00:00+00:00,2565,0.03851814031715521
2025-05-05 00:00:00+00:00,3230,0.026340039306188685
2025-05-06 00:00:00+00:00,3247,0.02248179023458055
2025-05-07 00:00:00+00:00,3977,0.026962529067599543
2025-05-08 00:00:00+00:00,4490,0.030436344656015076
2025-05-09 00:00:00+00:00,4781,0.033612441032346965
2025-05-10 00:00:00+00:00,3054,0.03908269560543626
2025-05-11 00:00:00+00:00,3419,0.05143905998465404
2025-05-12 00:00:00+00:00,3668,0.029276780511944576
2025-05-13 00:00:00+00:00,3749,0.025948946537833275
2025-05-14 00:00:00+00:00,3793,0.025596037439181575
2025-05-15 00:00:00+00:00,4652,0.03143540605192383
2025-05-16 00:00:00+00:00,5088,0.036835665727917064
2025-05-17 00:00:00+00:00,3078,0.041148632389508305
2025-05-18 00:00:00+00:00,2756,0.042282908867750844
2025-05-19 00:00:00+00:00,4831,0.03753311631303753
2025-05-20 00:00:00+00:00,4531,0.030745324756398774
2025-05-21 00:00:00+00:00,4121,0.027900017602534764
2025-05-22 00:00:00+00:00,3649,0.024931845667160887
2025-05-23 00:00:00+00:00,3713,0.027283615869026886
2025-05-24 00:00:00+00:00,2657,0.03558656898329829
2025-05-25 00:00:00+00:00,2505,0.03965552723646092
2025-05-26 00:00:00+00:00,3488,0.037859546293281233
2025-05-27 00:00:00+00:00,4115,0.030797901401809703
2025-05-28 00:00:00+00:00,4035,0.02746785206162057
2025-05-29 00:00:00+00:00,3214,0.022066143505454744
2025-05-30 00:00:00+00:00,2988,0.02215203950002224
2025-05-31 00:00:00+00:00,2381,0.030180117374165007
2025-06-01 00:00:00+00:00,3527,0.05138852463793455
2025-06-02 00:00:00+00:00,5846,0.046039108829018974
2025-06-03 00:00:00+00:00,5225,0.03618746840089482
2025-06-04 00:00:00+00:00,4435,0.03018341443495423
2025-06-05 00:00:00+00:00,4259,0.028944041971919045
2025-06-06 00:00:00+00:00,4425,0.03194046441796173
2025-06-07 00:00:00+00:00,2466,0.03219615369550742
2025-06-08 00:00:00+00:00,1689,0.025837935412810355
2025-06-09 00:00:00+00:00,3142,0.025367555042427277
2025-06-10 00:00:00+00:00,2873,0.019636522701952718
2025-06-11 00:00:00+00:00,3055,0.020269777131975822
2025-06-12 00:00:00+00:00,3121,0.023776149193241204
2025-06-13 00:00:00+00:00,3470,0.024211723497931187
2025-06-14 00:00:00+00:00,1733,0.028605384348744697
2025-07-02 00:00:00+00:00,4538,0.033423680876763985
2025-07-03 00:00:00+00:00,3780,0.025913662258601897
2025-07-04 00:00:00+00:00,3825,0.03407633098139833
2025-07-05 00:00:00+00:00,2541,0.03434062221261183
2025-07-06 00:00:00+00:00,2303,0.03431423675780377
2025-07-07 00:00:00+00:00,4016,0.031097792335509248
2025-07-08 00:00:00+00:00,4590,0.0307165179915814
2025-07-09 00:00:00+00:00,4983,0.03327079341127455
2025-07-10 00:00:00+00:00,5597,0.037997026496765125
2025-07-11 00:00:00+00:00,4443,0.03130703157479372
2025-07-12 00:00:00+00:00,2403,0.03015775404425145
2025-07-13 00:00:00+00:00,1971,0.028715034965034966
2025-07-14 00:00:00+00:00,4940,0.038258983890954154
2025-07-15 00:00:00+00:00,4938,0.03321762996448176
2025-07-16 00:00:00+00:00,4684,0.030924227719569278
2025-07-17 00:00:00+00:00,3738,0.025178160067896162
2025-07-18 00:00:00+00:00,3875,0.027767228221535906
2025-07-19 00:00:00+00:00,2317,0.02965532247123421
2025-07-20 00:00:00+00:00,1969,0.030159143474198537
2025-07-21 00:00:00+00:00,3632,0.02806085001506571
2025-07-22 00:00:00+00:00,4452,0.029876587948702463
2025-07-23 00:00:00+00:00,6150,0.0415872114253256
2025-07-24 00:00:00+00:00,5478,0.035926965555234926
2025-07-25 00:00:00+00:00,3957,0.02795952687138759
2025-07-26 00:00:00+00:00,1761,0.022585899524169863
2025-07-27 00:00:00+00:00,1616,0.02398658176366686
2025-07-28 00:00:00+00:00,4795,0.0371066846202659
2025-07-29 00:00:00+00:00,4300,0.02937559775925673
2025-07-30 00:00:00+00:00,9654,0.06522179734897107
2025-07-31 00:00:00+00:00,6673,0.04471980592153762
2025-08-01 00:00:00+00:00,6588,0.0454429445482952
2025-08-02 00:00:00+00:00,3408,0.04387003758817774
2025-08-03 00:00:00+00:00,3023,0.04573373676248109
2025-08-04 00:00:00+00:00,4360,0.03483930768861969
2025-08-05 00:00:00+00:00,5643,0.04036538434026238
2025-08-06 00:00:00+00:00,6660,0.044589057604241984
2025-08-07 00:00:00+00:00,6974,0.046695681285570806
2025-08-08 00:00:00+00:00,5922,0.04382608695652174
2025-08-09 00:00:00+00:00,5150,0.06729650972859252
2025-08-10 00:00:00+00:00,3195,0.051009818791410554
2025-08-11 00:00:00+00:00,4916,0.03853721632109121
2025-08-12 00:00:00+00:00,4921,0.03418548106981591
2025-08-13 00:00:00+00:00,6107,0.04198809180039327
2025-08-14 00:00:00+00:00,6281,0.0433282975655857
2025-08-15 00:00:00+00:00,7757,0.05879677705432467
2025-08-16 00:00:00+00:00,7001,0.09264380896928635
2025-08-17 00:00:00+00:00,6296,0.09640325223169854
2025-08-18 00:00:00+00:00,8754,0.07021568422994554
2025-08-19 00:00:00+00:00,7884,0.05761346945039206
2025-08-20 00:00:00+00:00,5970,0.04212620927623362
2025-08-21 00:00:00+00:00,5367,0.03778699316356058
2025-08-22 00:00:00+00:00,4956,0.03635883440443701
2025-08-23 00:00:00+00:00,2988,0.03898340465504645
2025-08-24 00:00:00+00:00,3578,0.05610348882791062
2025-08-25 00:00:00+00:00,3950,0.03280540167930436
2025-08-26 00:00:00+00:00,4248,0.02984508378122036
2025-08-27 00:00:00+00:00,5129,0.035235844519860955
2025-08-28 00:00:00+00:00,5708,0.040042652299576285
2025-08-29 00:00:00+00:00,4759,0.03624441178038582
2025-08-30 00:00:00+00:00,3793,0.04999868181698347
2025-08-31 00:00:00+00:00,3592,0.054698564010415875
2025-09-01 00:00:00+00:00,5559,0.05678881181746672
2025-09-02 00:00:00+00:00,5477,0.040586905776427436
2025-09-03 00:00:00+00:00,6207,0.04194712513178169
2025-09-04 00:00:00+00:00,4734,0.03037945440194059
2025-09-05 00:00:00+00:00,4536,0.032686709134407514
2025-09-06 00:00:00+00:00,2745,0.03491744472994632
2025-09-07 00:00:00+00:00,2955,0.044434753841989715
2025-09-08 00:00:00+00:00,3731,0.028607794876513392
2025-09-09 00:00:00+00:00,4726,0.03212431006824547
2025-09-10 00:00:00+00:00,5811,0.04024293965290378
2025-09-11 00:00:00+00:00,4034,0.02852576794704984
2025-09-12 00:00:00+00:00,4878,0.03612236283795292
2025-09-13 00:00:00+00:00,3207,0.0413945323592431
2025-09-14 00:00:00+00:00,2158,0.03313424127500806
2025-09-15 00:00:00+00:00,3648,0.02808984438164612
2025-09-16 00:00:00+00:00,3847,0.02666361701980191
2025-09-17 00:00:00+00:00,3693,0.026157725489085012
2025-09-18 00:00:00+00:00,4156,0.028927805774424366
2025-09-19 00:00:00+00:00,5435,0.041037760780434765
2025-09-20 00:00:00+00:00,3248,0.041910758987328704
2025-09-21 00:00:00+00:00,2162,0.03255729903924344
2025-09-22 00:00:00+00:00,4605,0.03710059457630396
2025-09-23 00:00:00+00:00,5584,0.04011811278190087
2025-09-24 00:00:00+00:00,5471,0.03798013176072031
2025-09-25 00:00:00+00:00,5452,0.03696321306051607
2025-09-26 00:00:00+00:00,5861,0.043411599140804384
2025-09-27 00:00:00+00:00,3354,0.04354656522247179
2025-09-28 00:00:00+00:00,3400,0.051057950774128634
2025-09-29 00:00:00+00:00,3805,0.02908821258476099
2025-09-30 00:00:00+00:00,3523,0.024967753823475217
2025-10-01 00:00:00+00:00,3741,0.02545001836809666
2025-10-02 00:00:00+00:00,3218,0.023519093732870457
2025-10-03 00:00:00+00:00,3507,0.025964699262593656
2025-10-04 00:00:00+00:00,2047,0.026619331850869322
2025-10-05 00:00:00+00:00,2543,0.038887954368204546
2025-10-06 00:00:00+00:00,2761,0.02248298101039054
2025-10-07 00:00:00+00:00,3182,0.022766950001430985
2025-10-08 00:00:00+00:00,4072,0.02896159317211949
2025-10-09 00:00:00+00:00,3681,0.026043582849865573
2025-10-10 00:00:00+00:00,4029,0.030158314308170217
2025-10-11 00:00:00+00:00,2145,0.027161869547048918
2025-10-12 00:00:00+00:00,1832,0.028138727613430406
2025-10-13 00:00:00+00:00,3374,0.02861650156059167
2025-10-14 00:00:00+00:00,2773,0.019794135282528623
2025-10-15 00:00:00+00:00,3658,0.02478521288993685
2025-10-16 00:00:00+00:00,4982,0.034783944368031165
2025-10-17 00:00:00+00:00,5007,0.03619919316357958
2025-10-18 00:00:00+00:00,2745,0.035595264338602384
2025-10-19 00:00:00+00:00,1760,0.02691995900824424
2025-10-20 00:00:00+00:00,3410,0.028672569348098444
2025-10-21 00:00:00+00:00,4249,0.029471537666553378
2025-10-22 00:00:00+00:00,5006,0.034270535964894266
2025-10-23 00:00:00+00:00,6035,0.04127342360826152
2025-10-24 00:00:00+00:00,5229,0.037614916483231904
2025-10-25 00:00:00+00:00,2908,0.03593006733798727
2025-10-26 00:00:00+00:00,2627,0.039147604500409806
2025-10-27 00:00:00+00:00,3256,0.025390289929662035
2025-10-28 00:00:00+00:00,3229,0.021999809230517666
2025-10-29 00:00:00+00:00,3860,0.02574036903420268
2025-10-30 00:00:00+00:00,5109,0.03360454638137773
2025-10-31 00:00:00+00:00,3419,0.024208908935133718
2025-11-01 00:00:00+00:00,2626,0.0315723663644889
2025-11-02 00:00:00+00:00,2123,0.03013741411617739
2025-11-03 00:00:00+00:00,2817,0.021459587110535538
2025-11-04 00:00:00+00:00,3161,0.021479729821557197
2025-11-05 00:00:00+00:00,2773,0.018078455149393366
2025-11-06 00:00:00+00:00,3434,0.023263218507604242
2025-11-07 00:00:00+00:00,3322,0.022966732114709218
2025-11-08 00:00:00+00:00,2488,0.028373323601861143
2025-11-09 00:00:00+00:00,2230,0.03183849459602233
2025-11-10 00:00:00+00:00,2293,0.018041622408434637
2025-11-11 00:00:00+00:00,2680,0.018551976685426314
2025-11-12 00:00:00+00:00,3203,0.021732787808469205
2025-11-13 00:00:00+00:00,2809,0.01859784558954972
2025-11-14 00:00:00+00:00,3785,0.02726827370574759
2025-11-15 00:00:00+00:00,2012,0.022445086511752435
2025-11-16 00:00:00+00:00,1929,0.027102974442555463
2025-11-17 00:00:00+00:00,3286,0.02554256576083577
2025-11-18 00:00:00+00:00,3728,0.026158833518110502
2025-11-19 00:00:00+00:00,4809,0.032005377489085295
2025-11-20 00:00:00+00:00,3665,0.024549041147274152
2025-11-21 00:00:00+00:00,5124,0.03658980712515799
2025-11-22 00:00:00+00:00,3227,0.038834133602897815
2025-11-23 00:00:00+00:00,3701,0.05267877476656798
2025-11-24 00:00:00+00:00,4703,0.03793629155205653
2025-11-25 00:00:00+00:00,5924,0.04226356943096855
2025-11-26 00:00:00+00:00,4733,0.03369834534218096
2025-11-27 00:00:00+00:00,3590,0.03299298784130281
2025-11-28 00:00:00+00:00,3387,0.03282390223574675
2025-11-29 00:00:00+00:00,2345,0.03233858289433764
2025-11-30 00:00:00+00:00,2217,0.036086333745686566
2025-12-01 00:00:00+00:00,3436,0.028061120321445195
2025-12-02 00:00:00+00:00,4370,0.03138646288209607
2025-12-03 00:00:00+00:00,4982,0.03514985607044082
2025-12-04 00:00:00+00:00,5464,0.039504030654665075
2025-12-05 00:00:00+00:00,4891,0.036896778038458346
2025-12-06 00:00:00+00:00,3145,0.04319936265487212
2025-12-07 00:00:00+00:00,2145,0.03430024305999744
2025-12-08 00:00:00+00:00,3593,0.03082744182854005
2025-12-09 00:00:00+00:00,3818,0.028057025279247503
2025-12-10 00:00:00+00:00,3307,0.02395925405358411
2025-12-11 00:00:00+00:00,4559,0.032494885922209
2025-12-12 00:00:00+00:00,4196,0.032475020703212676
2025-12-13 00:00:00+00:00,2231,0.028822799855304636
2025-12-14 00:00:00+00:00,1762,0.02795006424390476
2025-12-15 00:00:00+00:00,3313,0.02687378325762492
2025-12-16 00:00:00+00:00,3739,0.027765813666810236
2025-12-17 00:00:00+00:00,3427,0.024561730430170722
2025-12-18 00:00:00+00:00,4224,0.031031898793693707
2025-12-19 00:00:00+00:00,3965,0.030856751519490726
2025-12-20 00:00:00+00:00,1963,0.02701995870612526
2025-12-21 00:00:00+00:00,1909,0.03268331935146981
2025-12-22 00:00:00+00:00,3579,0.033725970599321524
2025-12-23 00:00:00+00:00,3435,0.02958172219877884
2025-12-24 00:00:00+00:00,3346,0.03507778756237682
2025-12-25 00:00:00+00:00,2387,0.040369361903634424
2025-12-26 00:00:00+00:00,3019,0.03929812686304883
2025-12-27 00:00:00+00:00,2454,0.041254097671681936
2025-12-28 00:00:00+00:00,3344,0.05906770529736986
2025-12-29 00:00:00+00:00,4214,0.044547338153833146
2025-12-30 00:00:00+00:00,3394,0.03232442522714719
2025-12-31 00:00:00+00:00,2961,0.028758182630485032
2026-01-01 00:00:00+00:00,2096,0.02915687120063433
2026-01-02 00:00:00+00:00,2144,0.022647089891201014
2026-01-03 00:00:00+00:00,3097,0.04536333142915733
2026-01-04 00:00:00+00:00,3155,0.05292292208336828
2026-01-05 00:00:00+00:00,4838,0.041071701444895324
2026-01-06 00:00:00+00:00,4979,0.03777292245133294
2026-01-07 00:00:00+00:00,6315,0.04685587089593767
2026-01-08 00:00:00+00:00,4369,0.03245262837320894
2026-01-09 00:00:00+00:00,4153,0.03338961247789034
2026-01-10 00:00:00+00:00,2494,0.034320471184014975
2026-01-11 00:00:00+00:00,1646,0.028039452838866837
2026-01-12 00:00:00+00:00,3112,0.026409362084913908
2026-01-13 00:00:00+00:00,4815,0.03601211622601997
2026-01-14 00:00:00+00:00,4408,0.03237962316817865
2026-01-15 00:00:00+00:00,4915,0.03578501325101203
2026-01-16 00:00:00+00:00,3776,0.029510374741119925
2026-01-17 00:00:00+00:00,3453,0.04523244999279529
2026-01-18 00:00:00+00:00,2708,0.04370279517138984
2026-01-19 00:00:00+00:00,4272,0.04220301308965176
2026-01-20 00:00:00+00:00,5788,0.04515419361381774
2026-01-21 00:00:00+00:00,6543,0.04706415485207484
2026-01-22 00:00:00+00:00,5468,0.03976033274192141
2026-01-23 00:00:00+00:00,4137,0.03182013967941421
2026-01-24 00:00:00+00:00,2616,0.0330804248861912
2026-01-25 00:00:00+00:00,1713,0.027165466713184688
2026-01-26 00:00:00+00:00,2814,0.024810439076000706
2026-01-27 00:00:00+00:00,3565,0.026692123390236598
2026-01-28 00:00:00+00:00,3362,0.024735138316656857
2026-01-29 00:00:00+00:00,3638,0.026972723296040096
2026-01-30 00:00:00+00:00,3979,0.03011040734939121
2026-01-31 00:00:00+00:00,2554,0.03182911479169003
2026-02-01 00:00:00+00:00,2442,0.036501696536673595
2026-02-02 00:00:00+00:00,3397,0.027272216379386476
2026-02-03 00:00:00+00:00,4822,0.03513092133063282
2026-02-04 00:00:00+00:00,4237,0.030838543448356175
2026-02-05 00:00:00+00:00,4699,0.033817920115149336
2026-02-06 00:00:00+00:00,3838,0.029264647573733493
2026-02-07 00:00:00+00:00,2605,0.03493080883930487
2026-02-08 00:00:00+00:00,1977,0.031656312047652596
2026-02-09 00:00:00+00:00,2760,0.023352427044818047
2026-02-10 00:00:00+00:00,2897,0.021556823847189873
2026-02-11 00:00:00+00:00,3371,0.024981102992396732
2026-02-12 00:00:00+00:00,3772,0.02751416921359953
2026-02-13 00:00:00+00:00,3801,0.028774745448351565
2026-02-14 00:00:00+00:00,3563,0.044382162431489784
2026-02-15 00:00:00+00:00,2594,0.04183533586001129
2026-02-16 00:00:00+00:00,3753,0.036119879889128424
2026-02-17 00:00:00+00:00,3505,0.027848181724283137
2026-02-18 00:00:00+00:00,3508,0.0260032911805257
2026-02-19 00:00:00+00:00,3454,0.025238390997771365
2026-02-20 00:00:00+00:00,3959,0.030621084383943075
2026-02-21 00:00:00+00:00,2159,0.02830250514531416
2026-02-22 00:00:00+00:00,1787,0.029024346667966022
2026-02-23 00:00:00+00:00,3118,0.02710008256920603
2026-02-24 00:00:00+00:00,4585,0.0345510994559238
2026-02-25 00:00:00+00:00,4159,0.02996699955326906
2026-02-26 00:00:00+00:00,3204,0.023313686967910936
2026-02-27 00:00:00+00:00,4038,0.030769699694436613
2026-02-28 00:00:00+00:00,2669,0.031664115979167407
2026-03-01 00:00:00+00:00,2754,0.0415146673098375
2026-03-02 00:00:00+00:00,3733,0.030845121628767846
2026-03-03 00:00:00+00:00,3831,0.028688033548000598
2026-03-04 00:00:00+00:00,3677,0.02703040461067984
2026-03-05 00:00:00+00:00,3677,0.026370332121316436
2026-03-06 00:00:00+00:00,4854,0.03685453316832059
2026-03-07 00:00:00+00:00,3830,0.048410541616634016
2026-03-08 00:00:00+00:00,2575,0.03982985305491106
2026-03-09 00:00:00+00:00,5343,0.043314714680632006
2026-03-10 00:00:00+00:00,4936,0.036641946714770356
2026-03-11 00:00:00+00:00,4422,0.03261759520841478
2026-03-12 00:00:00+00:00,4034,0.02950944389986979
2026-03-13 00:00:00+00:00,4865,0.037813721756297755
2026-03-14 00:00:00+00:00,2749,0.03693750587855905
2026-03-15 00:00:00+00:00,2266,0.035258055983444586
2026-03-16 00:00:00+00:00,3744,0.029654740877444498
2026-03-17 00:00:00+00:00,3714,0.027913478737956018
2026-03-18 00:00:00+00:00,4204,0.031773624264044564
2026-03-19 00:00:00+00:00,3638,0.028328038372889802
2026-03-20 00:00:00+00:00,3130,0.02641862977624349
2026-03-21 00:00:00+00:00,3765,0.05498999518015978
2026-03-22 00:00:00+00:00,2971,0.050981536138376006
2026-03-23 00:00:00+00:00,3241,0.0284260842871552
2026-03-24 00:00:00+00:00,3373,0.02630840028078933
2026-03-25 00:00:00+00:00,3161,0.02400461714875876
2026-03-26 00:00:00+00:00,4140,0.03126793752454608
2026-03-27 00:00:00+00:00,4478,0.03493497476225026
2026-03-28 00:00:00+00:00,1861,0.0251963173571622
2026-03-29 00:00:00+00:00,1964,0.03410669630452903
2026-03-30 00:00:00+00:00,3239,0.027759922522476197
2026-03-31 00:00:00+00:00,4322,0.03381423295987983
